,Month,NDVI
275,January,0.8309743055555556
276,February,0.8403048611111112
277,March,0.8480027777777779
278,April,0.8297881944444444
279,May,0.8962881944444443
280,June,0.8623965277777779
281,July,0.8538076388888889
282,August,0.8449715277777778
283,September,0.8645999999999999
284,October,0.7974069444444445
285,November,0.8604215277777779
286,December,0.8572562500000002
