,Month,Temp
399,April,69.00908813476562
400,May,76.54651184082032
401,June,77.80404052734374
402,July,72.42838439941406
403,August,73.11988830566406
404,September,72.7428009033203
405,October,72.48534240722657
406,November,70.58053283691406
407,December,68.16534423828125
408,January,68.00755920410157
409,February,66.1155792236328
410,March,67.46063232421875
