,Month,NDVI
292,August,0.8058356708950467
293,September,0.6452608638339572
294,October,0.6756736437479655
295,November,0.843962139553494
296,December,0.8110242949591743
297,January,0.7581578890482584
298,February,0.7752732170952691
299,March,0.5383146074083116
300,April,0.6608350012037489
301,May,0.4638316896226671
302,June,0.4161814053853352
303,July,0.7782948282029893
