Year,Month,Day,RF_in
2026,2,1,0.0628814004746217
2026,2,2,0.0076848226790874
2026,2,3,0.0031142266612248
2026,2,4,0.00015634585462
2026,2,5,0.0228380218265563
2026,2,6,0.0982016132051029
2026,2,7,0.0294868818835427
2026,2,8,0.2108732442113254
2026,2,9,0.32258705412830474
