,Month,RF
1236,January,18.717625201634952
1237,February,18.717625201634952
1238,March,8.61100324495571
1239,April,3.138576984822698
1240,May,4.455335989190316
1241,June,2.337926829580873
1242,July,2.125216106104413
1243,August,2.353755920890748
1244,September,0.266944938652993
1245,October,4.094034563733733
1246,November,5.925162674978129
1247,December,0.9901071783751642
