Year,Month,Day,RF_in
2024,7,1,3.780560076647387e-06
2024,7,2,8.873054627345407e-06
2024,7,3,0.0017254508230004
2024,7,4,0.0
2024,7,5,5.215901666755153e-07
2024,7,6,0.0137219341408236
2024,7,7,0.0
2024,7,8,0.0381163683046089
