Month,Temp
October,72.48534240722657
November,70.58053283691406
December,68.16534423828125
January,68.00755920410157
February,66.1155792236328
March,67.46063232421875
April,68.6751495361328
May,70.14762268066406
June,70.96217651367188
July,71.87428283691406
August,72.64789733886718
September,72.40497131347655
