,Month,RF
1244,September,0.266944938652993
1245,October,4.094034563733733
1246,November,5.925162674978129
1247,December,0.9901071783751642
1248,January,8.532880380919183
1249,February,0.2432277676105916
1250,March,2.3092296263260064
1251,April,2.811542020382218
1252,May,11.547637966152667
1253,June,1.2335974024975394
1254,July,2.667769518007027
1255,August,13.142482861029093
