,Month,NDVI
292,August,0.6644773483276367
293,September,0.5316022766960992
294,October,0.5702521006266276
295,November,0.7241450945536295
296,December,0.534638351864285
297,January,0.7370647854275174
298,February,0.6282194985283746
299,March,0.6462701161702474
300,April,0.5267201529608833
301,May,0.4809753100077311
302,June,0.5248078240288628
303,July,0.529019832611084
