Year,Month,Day,RF_in
2025,6,1,0.0849645552881329
2025,6,2,0.0353751428692568
2025,6,11,0.0107876334603377
2025,6,12,0.0531935003485892
2025,6,14,0.0639036801021973
2025,6,16,0.0764221031208989
2025,6,19,0.0114037932164817
2025,6,20,0.0313011304600032
2025,6,23,0.0142056662475238
2025,6,24,0.0196189788591413
2025,6,26,0.0002459994470822
2025,6,30,0.16149672727676617
