Year,Month,Day,RF_in
2025,8,1,0.0054017160403968
2025,8,2,0.0058683380158658
2025,8,3,0.0162920082022198
2025,8,4,0.0220901717872653
2025,8,5,0.0014799715965751
2025,8,6,0.1889433572924356
2025,8,7,0.0056600309940982
2025,8,8,0.0187376165014552
2025,8,9,0.0
2025,8,10,0.01606201770946
2025,8,12,0.0555297854899943
2025,8,13,0.0070029648374489
2025,8,13,0.0070029648374489
2025,8,14,0.0280385130033718
2025,8,15,0.0021396126281975
2025,8,17,0.040565496563181376
