Year,Month,Day,RF_in
2026,3,1,0.0
2026,3,2,0.039959953236165
2026,3,3,0.1462091620396951
2026,3,4,0.152194502518918
2026,3,5,0.0183075005312615
2026,3,6,0.0381708576227979
2026,3,7,0.0447374545787367
2026,3,8,0.06817318276736947
