,Month,Temp
406,November,70.37325303819445
407,December,67.96914605034722
408,January,67.82740342881945
409,February,65.88445909288194
410,March,67.23926866319445
411,April,68.47286241319443
412,May,69.94853515625
413,June,70.77045355902777
414,July,71.67506510416666
415,August,72.45791829427083
416,September,72.19345703125
417,October,71.49921061197917
