Year,Month,Day,RF_in
2025,3,1,0.000110522428256
2025,3,2,0.0085278749581825
2025,3,3,0.018913209339823
2025,3,4,0.0797927424802694
2025,3,5,0.0046701093821851
2025,3,6,0.0216371616538926
2025,3,7,0.0978876460429425
2025,3,8,0.050944723887799
2025,3,9,0.0500542014081125
2025,3,10,0.7618613255618438
2025,3,11,0.07707297124053342
