Month,RF
October,0.4099348811189183
November,4.395556987125741
December,3.716621298802493
January,4.843808857660154
February,1.441766325975746
March,0.2452423519929203
April,4.590588014605814
May,6.349005704256586
June,2.7154608061145136
July,1.6354401859978005
August,7.128750087337174
September,1.466857963555337
