Year,Month,Day,RF_in
2025,6,1,0.1034678283673606
2025,6,2,0.0948967261067328
2025,6,11,0.0065741196450031
2025,6,12,0.0200894484543598
2025,6,14,0.0856087485219132
2025,6,16,0.0172966502551099
2025,6,19,0.068437063254802
2025,6,20,0.0183061284713915
2025,6,23,0.2100840520613092
2025,6,24,0.0484980815606735
2025,6,26,0.0352617384127304
2025,6,30,0.13169376243130743
