,Month,ET
265,February,3.41
266,March,3.72796875
267,April,4.1883333333333335
268,May,4.34765625
269,June,3.8165625
270,July,3.87984375
271,August,4.57984375
272,September,3.528125
273,October,2.7306250000000003
274,November,2.34484375
275,December,2.8970312500000004
276,January,3.36796875
