Year,Month,Day,RF_in
2024,7,1,3.835038475086057e-06
2024,7,2,0.0176302341651415
2024,7,3,0.0003706275347753
2024,7,4,0.0007033387194155
2024,7,5,0.0021887383540262
2024,7,6,1.6485793785027482e-07
2024,7,7,0.0
2024,7,8,0.0555730929837765
