Year,Month,Temp
2023.0,September,73.3531280517578
2023.0,October,72.42991943359375
2023.0,November,71.18889770507812
2023.0,December,68.73313598632814
2024.0,January,68.17359313964843
2024.0,February,65.66903686523438
2024.0,March,67.5572296142578
2024.0,April,68.8030975341797
2024.0,May,70.72119140625
2024.0,June,72.2250244140625
2024.0,July,72.97772827148438
2024.0,August,74.07007751464843
