,Month,RF
1259,December,0.215200856393195
1260,January,3.944287771523677
1261,February,0.7511552758938581
1262,March,1.5311798335999016
1263,April,2.340985796270095
1264,May,0.5317014492298571
1265,June,0.2114946260226993
1266,July,0.3472797597382847
1267,August,0.3475160506975203
1268,September,0.6389926967136921
1269,October,1.0019016349305214
1270,November,1.627826039872457
