,Month,Temp
396,January,68.06542358398437
397,February,67.70502014160155
398,March,68.63120727539062
399,April,69.39027709960938
400,May,76.78032836914062
401,June,78.76663818359376
402,July,73.191796875
403,August,74.05304565429688
404,September,73.3531280517578
405,October,72.42991943359375
406,November,71.18889770507812
407,December,68.73313598632814
