,Year,Month,Temp
391,2022.0,August,73.67629699707032
392,2022.0,September,73.81169433593749
393,2022.0,October,73.31267395019532
394,2022.0,November,71.03426513671874
395,2022.0,December,69.40601501464843
396,2023.0,January,68.06542358398437
397,2023.0,February,67.70502014160155
398,2023.0,March,68.63120727539062
399,2023.0,April,69.39027709960938
400,2023.0,May,76.78032836914062
401,2023.0,June,78.76663818359376
402,2023.0,July,73.191796875
