Year,Month,Day,RF_in
2026,3,1,0.0
2026,3,2,0.0
2026,3,3,0.0301456034235649
2026,3,4,0.0006131827831268
2026,3,5,0.0
2026,3,6,0.0011166656424054
2026,3,7,0.0014320493057331078
