Year,Month,Day,RF_in
2024,9,1,0.0202970930284715
2024,9,2,0.0
2024,9,3,8.054468018912946e-06
2024,9,4,0.0010105299381237
2024,9,5,0.003296436704467
2024,9,6,0.0
2024,9,7,0.00036492653693
2024,9,8,0.0
2024,9,9,0.0
2024,9,10,0.0
2024,9,11,0.0
2024,9,12,0.0
2024,9,13,0.0
2024,9,14,0.0
2024,9,15,0.0118748148803844
2024,9,16,0.0425844910055112
2024,9,17,5.368349211223664e-07
