,Month,Temp
411,April,68.8030975341797
412,May,70.72119140625
413,June,72.2250244140625
414,July,72.97772827148438
415,August,74.07007751464843
416,September,73.42131958007812
417,October,72.86851501464844
418,November,70.78867797851564
419,December,70.18340454101562
420,January,68.0119384765625
421,February,68.25134582519532
422,March,68.85028686523438
