,Month,RF
1246,November,2.1587571405258914
1247,December,0.8372876692110264
1248,January,6.183210558152888
1249,February,0.2609263943249159
1250,March,0.0571253502045612
1251,April,1.3270269812769986
1252,May,1.5235895538997566
1253,June,0.0561196618401368
1254,July,0.3552213386809315
1255,August,1.9551333396557853
1256,September,0.5841402202349218
1257,October,0.8453748274141514
