Year,Month,Day,RF_in
2026,3,1,0.0086428177625458
2026,3,2,0.015864762631374
2026,3,3,0.0052851445594403
2026,3,4,0.0099622088463069
2026,3,5,0.0102183513046789
2026,3,6,0.0179399007501603
2026,3,7,0.0033157289176038167
