,Month,RF
1239,April,1.7007669138813235
1240,May,1.1447459231070003
1241,June,0.5442631482537955
1242,July,1.5299906651959068
1243,August,0.7339908425803581
1244,September,0.6686503739820407
1245,October,0.3369877312949992
1246,November,2.756639171374448
1247,December,1.4924126012903138
1248,January,3.875444725151009
1249,February,0.3714647273546206
1250,March,0.2260532076723199
