,Month,NDVI
292,August,0.441306858846586
293,September,0.5655968548500374
294,October,0.4999769027918985
295,November,0.4147874492488495
296,December,0.3900673226134418
297,January,0.303022515283872
298,February,0.3477512516387521
299,March,0.3524439824770575
300,April,0.2572780243337971
301,May,0.2213969295972014
302,June,0.2487777030631287
303,July,0.2434554949198683
