Year,Month,Temp
2023.0,September,77.49349983946918
2023.0,October,76.97258233893407
2023.0,November,75.15294239619007
2023.0,December,72.49342626284246
2024.0,January,71.98178242722602
2024.0,February,71.21403373822774
2024.0,March,72.34386170269693
2024.0,April,73.13748394691781
2024.0,May,74.53937854505565
2024.0,June,75.19152397260274
2024.0,July,76.26898477632706
2024.0,August,76.83894945954623
