,Month,ET
265,February,2.4010416666666665
266,March,3.354166666666667
267,April,3.816203703703704
268,May,3.651388888888889
269,June,3.655555555555556
270,July,3.4437500000000005
271,August,3.166493055555556
272,September,3.246064814814815
273,October,3.040972222222222
274,November,2.282638888888889
275,December,2.144965277777778
276,January,2.597743055555556
