Year,Month,Day,RF_in
2025,7,1,0.0067558665065211
2025,7,2,0.0642185377825195
2025,7,3,0.0088526878319901
2025,7,4,0.001946849327182
2025,7,9,0.0015825468441285
2025,7,10,0.000663699873339
2025,7,11,0.0119246486037979
2025,7,12,0.0413420027789528
2025,7,13,0.0014404999298154
2025,7,16,0.0040529800610896675
