Year,Month,Day,RF_in
2026,2,1,0.0025642184349161
2026,2,2,0.0001435217290567
2026,2,3,0.0068025092144586
2026,2,4,0.0
2026,2,5,0.003769405193409
2026,2,6,0.0058266666763333
2026,2,7,0.0116788884503287
2026,2,8,0.0145745135963496
2026,2,9,0.0019866177313356847
