,Month,Temp
397,February,72.21350365207621
398,March,73.58979559075343
399,April,73.77878451412671
400,May,81.18415360124143
401,June,82.29960302065496
402,July,76.5035293370077
403,August,77.83159882009846
404,September,77.49349983946918
405,October,76.97258233893407
406,November,75.15294239619007
407,December,72.49342626284246
408,January,71.98178242722602
