Year,Month,Day,RF_in
2025,8,1,0.0005008092063901
2025,8,2,0.0030915794500112
2025,8,3,0.0036986189718681
2025,8,4,0.0014437521793685
2025,8,5,7.122523601278108e-05
2025,8,6,0.0918883997547165
2025,8,7,0.04892359735536
2025,8,8,0.0212709367011642
2025,8,9,0.1101804553671647
2025,8,10,0.0236679746191448
2025,8,12,0.004652721469629391
