Year,Month,Day,RF_in
2026,2,1,0.0119737235939142
2026,2,2,0.0
2026,2,3,0.0492625302796555
2026,2,4,0.0011113318755441
2026,2,5,0.003192880659603
2026,2,6,0.0132053967084019
2026,2,7,1.812278025929268
2026,2,8,5.974212940179353
2026,2,9,2.0714357794576896
