Year,Month,Day,RF_in
2026,3,1,0.0031894296509097
2026,3,2,0.0493394731722038
2026,3,3,0.0130049433967306
2026,3,4,0.0055698705528409
2026,3,5,0.003956919614759
2026,3,6,0.0068722969938485
2026,3,7,0.00080126326390301
