,Month,Temp
406,November,63.31067708333333
407,December,61.283970811631946
408,January,61.68878580729167
409,February,58.00935872395833
410,March,59.6966064453125
411,April,61.580316840277774
412,May,63.165003797743054
413,June,64.23777669270834
414,July,64.88698187934028
415,August,65.98439670138889
416,September,64.9861599392361
417,October,64.112451171875
