Year,Month,Day,RF_in
2024,9,1,0.0220387394740906
2024,9,2,0.0004578178473808
2024,9,3,0.0018479475952323
2024,9,4,0.0256655794938915
2024,9,5,0.0059521834472763
2024,9,6,0.0337220017017933
2024,9,7,0.0316329218850627
2024,9,8,0.0056684706687834
2024,9,9,0.0024313158157836
2024,9,10,0.0768489769043491
2024,9,11,0.1651681963250416
2024,9,12,0.0217610308481303
2024,9,13,0.0351780798433588
2024,9,14,
2024,9,15,
2024,9,16,1.923798933499198
