,Month,RF
1256,September,2.9448148679765724
1257,October,3.054961995039249
1258,November,7.90688585259308
1259,December,0.8031292671803613
1260,January,4.245035641161175
1261,February,0.726767979686133
1262,March,5.864799397905124
1263,April,2.546883923580733
1264,May,1.4616694709493778
1265,June,0.9267199703471312
1266,July,1.5622517535785458
1267,August,1.5720978332027074
