Year,Month,Day,RF_in
2024,10,1,0.199552565491488
2024,10,2,0.009972115375099393
