,Month,NDVI
277,March,0.6655746913580247
278,April,0.658212962962963
279,May,0.7446358024691359
280,June,0.7144561728395062
281,July,0.6283740740740741
282,August,0.6489567901234568
283,September,0.5966679012345679
284,October,0.6439098765432099
285,November,0.6651259259259259
286,December,0.7174061728395063
287,January,0.7266561728395061
288,February,0.6984345679012346
