,Month,RF
1254,July,2.687848968965685
1255,August,14.631398207385535
1256,September,2.0253730151678093
1257,October,1.8294991127682392
1258,November,7.667302898986586
1259,December,1.961181379562798
1260,January,15.18417890905998
1261,February,3.2400906958570284
1262,March,3.9454646280651553
1263,April,5.1511573884210655
1264,May,2.91220511362946
1265,June,3.9489737787225385
