Year,Month,Day,RF_in
2026,2,1,0.0409496645196436
2026,2,2,0.3273744936342593
2026,2,3,0.2234013986573618
2026,2,4,0.0
2026,2,5,5.673844794766936e-07
2026,2,6,0.3463417899449852
2026,2,7,3.250784990309372
2026,2,8,2.613303369088413
2026,2,9,2.4871320067196465
