,Month,NDVI
292,August,0.6383246904538001
293,September,0.5908210189254196
294,October,0.6092294292685426
295,November,0.6636479695638021
296,December,0.4064884421266155
297,January,0.5787948796778549
298,February,0.5475822260350357
299,March,0.7043725943859712
300,April,0.6686480486834491
301,May,0.525072498086058
302,June,0.603467540976442
303,July,0.7394044193220727
