,Month,NDVI
276,February,0.7243049382716049
277,March,0.7754438271604939
278,April,0.7729086419753086
279,May,0.8037549382716049
280,June,0.7548500000000001
281,July,0.7594666666666668
282,August,0.7263530864197532
283,September,0.8042543209876543
284,October,0.8045358024691358
285,November,0.738629012345679
286,December,0.7811197530864197
287,January,0.8394901234567903
