Year,Month,Day,RF_in
2025,7,1,0.0
2025,7,2,0.1182187772810001
2025,7,3,9.21779501318781e-05
2025,7,4,0.1920793781223039
2025,7,9,0.6321042738445672
2025,7,10,0.5050974530961407
2025,7,11,0.2575574125621993
2025,7,12,0.142902379088329
2025,7,13,0.0355555594714885
2025,7,16,0.03368223792345239
