,Month,RF
1246,November,7.384871094129728
1247,December,7.730725825070478
1248,January,16.91256637625158
1249,February,1.7889842762710215
1250,March,0.4124757283350649
1251,April,6.732069868219598
1252,May,7.915447268852678
1253,June,0.370330261722927
1254,July,2.687848968965685
1255,August,14.631398207385535
1256,September,2.0253730151678093
1257,October,1.8294991127682392
