,Month,RF
1234,November,5.074347667262078
1235,December,12.473389692390883
1236,January,10.43923763001847
1237,February,10.43923763001847
1238,March,11.18672611670069
1239,April,6.613969599828668
1240,May,4.320324556327161
1241,June,5.1371074953521445
1242,July,3.2443630974622097
1243,August,2.745594266808229
1244,September,3.922292509660251
1245,October,1.9448865888834208
