,Month,NDVI
292,August,0.6144128022370515
293,September,0.7087247401107977
294,October,0.6769098352502894
295,November,0.7183373533649209
296,December,0.7480602028929157
297,January,0.6676343753014082
298,February,0.5780311867042824
299,March,0.710250006781684
300,April,0.4573006335599923
301,May,0.5811697406533324
302,June,0.593896182966821
303,July,0.6343952697000386
