,Month,Temp
399,April,63.003369140625
400,May,70.01587456597223
401,June,72.10137532552083
402,July,67.51267632378472
403,August,67.31183810763889
404,September,65.91555989583333
405,October,66.95289984809028
406,November,65.17635362413193
407,December,63.32070855034722
408,January,63.03675944010416
409,February,59.36505805121528
410,March,61.47398003472222
