,Month,RF
1250,March,0.4124757283350649
1251,April,6.732069868219598
1252,May,7.915447268852678
1253,June,0.370330261722927
1254,July,2.687848968965685
1255,August,14.631398207385535
1256,September,2.0253730151678093
1257,October,1.8294991127682392
1258,November,7.667302898986586
1259,December,1.961181379562798
1260,January,15.18417890905998
1261,February,3.2400906958570284
