Year,Month,Day,RF_in
2025,6,1,0.0507383660833492
2025,6,2,0.006944312522742
2025,6,11,0.0020147697958246
2025,6,12,0.0051727570260916
2025,6,14,0.0111825697691108
2025,6,16,0.0100909663530692
2025,6,19,0.0023075680673858
2025,6,20,0.0179330394348459
2025,6,23,0.0
2025,6,24,0.0101960429624251
2025,6,26,0.000463019536097
2025,6,30,0.06295251721159367
