,Month,ET
264,January,2.406041666666667
265,February,2.7975
266,March,3.3579166666666667
267,April,3.520277777777778
268,May,3.7106250000000007
269,June,3.7035416666666654
270,July,3.3310416666666667
271,August,2.2562500000000005
272,September,2.0308333333333333
273,October,1.9225
274,November,2.1212500000000003
275,December,1.79625
