,Month,RF
1251,April,2.929793111527292
1252,May,6.601314253578546
1253,June,0.2046017754792912
1254,July,0.1093263460153553
1255,August,0.7507651733149242
1256,September,0.145618760969359
1257,October,0.3838145991299698
1258,November,0.4877964752900354
1259,December,0.3148352903979993
1260,January,3.403854066039054
1261,February,1.0846466423413654
1262,March,1.284045952453643
