Year,Month,Day,RF_in
2026,2,1,0.0016028730192765
2026,2,2,0.5359938087437421
2026,2,3,0.0033702905502311
2026,2,4,6.023217168252485e-05
2026,2,5,0.0127504235096409
2026,2,6,0.3067912519574919
2026,2,7,0.7138810000637942
2026,2,8,0.3815958374059037
2026,2,9,0.016805543674258735
