,Month,NDVI
292,August,0.4666670811029128
293,September,0.3870009905026282
294,October,0.4001996546615789
295,November,0.4176069189001012
296,December,0.3400983457212095
297,January,0.4457733719437211
298,February,0.5376516742470824
299,March,0.5333245359821084
300,April,0.4552761124975887
301,May,0.428039597876278
302,June,0.277424070570204
303,July,0.3643158806694878
