,Month,NDVI
276,February,0.7333796296296297
277,March,0.7036870370370369
278,April,0.6478660493827161
279,May,0.6939339506172839
280,June,0.6237938271604939
281,July,0.5683691358024692
282,August,0.4704938271604938
283,September,0.4013765432098766
284,October,0.4392851851851853
285,November,0.4395462962962963
286,December,0.6127882716049384
287,January,0.6887024691358025
