Year,Month,Day,RF_in
2025,7,1,0.0591436432930759
2025,7,2,0.1806737096732609
2025,7,3,0.1169300476894052
2025,7,4,0.0576414096791637
2025,7,9,0.0069587525530731
2025,7,10,0.0133620516576939
2025,7,11,0.0352055035900771
2025,7,12,0.0922887288844933
2025,7,13,0.0032258326392198
2025,7,16,0.2248211710913527
2025,7,17,0.2583135593373669
2025,7,18,0.0170494815496009
2025,7,19,0.1261604577648027
2025,7,20,0.04155172689914041
