,Month,ET
269,June,2.42734375
270,July,2.6130859375
271,August,1.7658203125
272,September,1.561197916666667
273,October,1.5640625
274,November,1.7421875
275,December,1.4951171875
276,January,2.216015625
277,February,2.1849609375
278,March,2.4693359375
279,April,2.6247395833333336
280,May,3.1200520833333334
