Year,Month,Day,RF_in
2026,2,1,0.0198862761355705
2026,2,2,0.0
2026,2,3,0.2640934706065543
2026,2,4,0.0009239731065759
2026,2,5,0.0132988889551979
2026,2,6,0.0052237554853191
2026,2,7,2.116741341206143
2026,2,8,6.519109912358153
2026,2,9,1.952798056238059
