Year,Month,Day,RF_in
2025,5,1,0.0765160599921024
2025,5,2,0.0107936022070725
2025,5,3,0.0299544420547096
2025,5,4,0.0119137344342682
2025,5,5,0.0021239615469522
2025,5,6,0.0074136638155465
