,Month,ET
266,March,3.990625000000001
267,April,4.823214285714286
268,May,4.625
269,June,4.670982142857143
270,July,4.677678571428571
271,August,3.960714285714286
272,September,3.798809523809524
273,October,3.3178571428571426
274,November,2.571428571428572
275,December,2.423660714285714
276,January,3.1861607142857147
277,February,2.990625
