Year,Month,Day,RF_in
2024,9,1,0.0138193305708917
2024,9,2,0.0015539934003134
2024,9,3,0.0016843215061297
2024,9,4,0.0337364457097892
2024,9,5,0.0069497176042691
2024,9,6,0.0003264598646188
2024,9,7,0.0382743374882094
2024,9,8,0.0012763496458999
2024,9,9,0.0
2024,9,10,0.0
2024,9,11,0.0007826848292913
2024,9,12,0.0
2024,9,13,0.1098099195425279
2024,9,14,0.0040208335936538
2024,9,15,0.0370854495391445
2024,9,16,0.1062906660745776
2024,9,17,0.029741622644459485
