Year,Month,Day,RF_in
2024,7,1,6.309670256817435e-05
2024,7,2,0.035553787511790516
