,Month,Temp
412,May,75.24202427455357
413,June,76.51712890625001
414,July,77.3935302734375
415,August,78.28621965680804
416,September,78.41392787388392
417,October,77.91403111049107
418,November,75.38696219308036
419,December,74.34191127232143
420,January,72.73311732700893
421,February,72.49195172991071
422,March,73.96066371372768
423,April,75.29387974330358
