,Month,Temp
399,April,74.34274309430805
400,May,82.02554513113839
401,June,83.93494384765626
402,July,77.59544642857142
403,August,79.28024693080357
404,September,79.12029227120536
405,October,76.67685128348214
406,November,75.85108433314733
407,December,72.92998604910714
408,January,72.15674630301339
409,February,70.55720284598215
410,March,72.27424665178572
