,Month,RF
1251,April,2.295399134678478
1252,May,2.255180907562336
1253,June,0.1692478930856299
1254,July,1.2730628947260498
1255,August,4.671885252624672
1256,September,0.9183354094898296
1257,October,1.8016160699639108
1258,November,1.688173597440945
1259,December,0.6784432799171588
1260,January,7.51083907480315
1261,February,1.0795325572096457
1262,March,1.4155409284776903
