,Month,Temp
406,November,75.85108433314733
407,December,72.92998604910714
408,January,72.15674630301339
409,February,70.55720284598215
410,March,72.27424665178572
411,April,73.57015625
412,May,75.24202427455357
413,June,76.51712890625001
414,July,77.3935302734375
415,August,78.28621965680804
416,September,78.41392787388392
417,October,77.91403111049107
