,Month,RF
1244,September,1.3013477075131237
1245,October,0.7010951084727691
1246,November,3.024910033218504
1247,December,3.358890563484252
1248,January,6.377737450787402
1249,February,1.6392886985318242
1250,March,0.3455495919455381
1251,April,2.295399134678478
1252,May,2.255180907562336
1253,June,0.1692478930856299
1254,July,1.2730628947260498
1255,August,4.671885252624672
