,Month,RF
1262,March,1.4155409284776903
1263,April,2.195578042979003
1264,May,0.975414398273458
1265,June,1.218140737778871
1266,July,1.545172167199803
1267,August,0.7363819512795275
1268,September,1.1207402907644357
1269,October,1.3373249364337272
1270,November,2.6806281783136483
1271,December,0.8312253296218832
1272,January,2.1435584040764435
1273,February,7.648213480150919
