,Year,Month,Temp
391,2022.0,August,78.77484444754464
392,2022.0,September,79.07460170200892
393,2022.0,October,78.16538260323661
394,2022.0,November,76.04631766183036
395,2022.0,December,73.7120054408482
396,2023.0,January,72.06426967075893
397,2023.0,February,70.6788623046875
398,2023.0,March,73.15739048549108
399,2023.0,April,74.34274309430805
400,2023.0,May,82.02554513113839
401,2023.0,June,83.93494384765626
402,2023.0,July,77.59544642857142
