,Month,RF
1238,March,3.185525344488189
1239,April,3.3312597399934387
1240,May,1.5729126937746063
1241,June,1.3365242064468503
1242,July,1.3845237912155517
1243,August,0.814867843667979
1244,September,1.3013477075131237
1245,October,0.7010951084727691
1246,November,3.024910033218504
1247,December,3.358890563484252
1248,January,6.377737450787402
1249,February,1.6392886985318242
