Year,Month,Day,RF_in
2024,7,1,6.309670256817435e-05
2024,7,2,0.0355537875117905
2024,7,3,0.0753457377276082
2024,7,4,0.0108122898211942
2024,7,5,0.0511676057430077
2024,7,6,0.0011167349777822
2024,7,7,0.000338884319846
2024,7,8,0.07159274844672738
