Year,Month,Day,RF_in
2024,10,1,0.092900674174151
2024,10,2,0.0009057167008167178
