,Month,ET
269,June,4.670982142857143
270,July,4.677678571428571
271,August,3.960714285714286
272,September,3.798809523809524
273,October,3.3178571428571426
274,November,2.571428571428572
275,December,2.423660714285714
276,January,3.1861607142857147
277,February,2.990625
278,March,4.028125000000001
279,April,4.241666666666666
280,May,4.630357142857143
