,Month,RF
1244,September,2.3321654834378345
1245,October,1.593802307372169
1246,November,5.784983189492807
1247,December,2.24868111375401
1248,January,6.905099997265967
1249,February,1.6544958281310758
1250,March,0.7986130097453097
1251,April,4.154965384101293
1252,May,4.572029814632546
1253,June,0.3473848521077877
1254,July,2.615314022704627
1255,August,5.441474695762856
