Year,Month,Day,RF_in
2024,9,1,0.0005587943849241
2024,9,2,0.002847082403759
2024,9,3,0.0276205145004389
2024,9,4,0.0026207576516975
2024,9,5,0.0
2024,9,6,0.0684648381964949
2024,9,7,0.2217127415347496
2024,9,8,0.0265720271387449
2024,9,9,0.0
2024,9,10,0.0
2024,9,11,0.1200477998365845
2024,9,12,0.0
2024,9,13,0.0503214786707908
2024,9,14,
2024,9,15,
2024,9,16,0.15209724201548375
