Month,Temp
October,76.61117621527778
November,75.77898763020833
December,72.86509060329861
January,72.09514973958333
February,70.4816162109375
March,72.20130479600695
April,73.49644097222222
May,75.172119140625
June,76.45075954861112
July,77.32524956597223
August,78.2210232204861
September,78.33672960069444
