,Month,ET
269,June,5.474147727272728
270,July,5.461647727272728
271,August,5.4088068181818185
272,September,5.046022727272727
273,October,4.394507575757576
274,November,3.587357954545455
275,December,2.778125
276,January,3.5785511363636373
277,February,3.502982954545455
278,March,4.35752840909091
279,April,4.841477272727273
280,May,5.3433712121212125
