,Month,tmean_f
421,February,72.38587239583333
422,March,73.97605523003472
423,April,75.08792860243057
424,May,75.99029676649306
425,June,77.29163140190973
426,July,78.07203776041666
427,August,78.73606228298611
428,September,78.85674370659723
429,October,78.06845703125
430,November,75.67792426215277
431,December,74.51636827256945
432,January,72.73727756076389
