,Month,RF
1239,April,5.3875216824025465
1240,May,3.0097184914060224
1241,June,3.049087858158356
1242,July,2.34820775576881
1243,August,1.4800328235880238
1244,September,2.3321654834378345
1245,October,1.593802307372169
1246,November,5.784983189492807
1247,December,2.24868111375401
1248,January,6.905099997265967
1249,February,1.6544958281310758
1250,March,0.7986130097453097
