,Month,NDVI
292,August,0.3377216244921272
293,September,0.6466793013207707
294,October,0.3645348254545235
295,November,0.1269667472368405
296,December,0.5558094919463734
297,January,0.4929612713095582
298,February,0.6099964659891011
299,March,0.6024325335467303
300,April,0.6347941174919223
301,May,0.2142003612753785
302,June,0.3972075191544897
303,July,0.4895761748890818
