Year,Month,Day,RF_in
2024,7,1,0.2188500758219567
2024,7,2,0.11420402626978757
