,Month,NDVI
276,February,0.7625061728395063
277,March,0.7610493827160494
278,April,0.7719524691358024
279,May,0.8039487654320988
280,June,0.7214993827160493
281,July,0.707225925925926
282,August,0.7974117283950617
283,September,0.8064975308641976
284,October,0.7762864197530864
285,November,0.7562975308641976
286,December,0.8137654320987653
287,January,0.8179209876543211
