,Year,Month,Temp
391,2022.0,August,78.033642578125
392,2022.0,September,78.5843967013889
393,2022.0,October,78.17902560763889
394,2022.0,November,76.32239854600695
395,2022.0,December,74.30419921875
396,2023.0,January,72.79697808159722
397,2023.0,February,72.62619086371528
398,2023.0,March,73.98428819444445
399,2023.0,April,74.18993598090279
400,2023.0,May,81.58392469618056
401,2023.0,June,82.68712565104167
402,2023.0,July,76.85481499565972
