Year,Month,Day,RF_in
2025,7,1,0.0147270732177663
2025,7,2,0.3096155593262431
2025,7,3,0.0630418642670208
2025,7,4,0.074498393601204
2025,7,9,0.1065028470494465
2025,7,10,0.1545240525150827
2025,7,11,0.0529384752097231
2025,7,12,0.4732707073589542
2025,7,13,0.015201138444205
2025,7,16,0.1364601797550913
2025,7,17,0.432075329166211
2025,7,18,0.0305915877760424
2025,7,19,0.5662710316456754
2025,7,20,0.24942704559797865
