,Month,Temp
406,November,75.54709201388889
407,December,72.86650933159723
408,January,72.324365234375
409,February,71.65353190104167
410,March,72.76480305989583
411,April,73.5221408420139
412,May,74.91795247395834
413,June,75.55609809027777
414,July,76.64781629774305
415,August,77.20022243923611
416,September,77.47330729166666
417,October,76.91052788628473
