Year,Month,Day,RF_in
2026,2,1,0.0005036215282939
2026,2,2,0.0
2026,2,3,0.0061592435053419
2026,2,4,0.0003415528082622
2026,2,5,0.0469306700313312
2026,2,6,0.0001261673945199
2026,2,7,0.1864530426704745
2026,2,8,2.383181309693059
2026,2,9,3.0465322965271704
