Month,RF
October,0.4463259212196864
November,3.248854909981956
December,1.7483493808269084
January,4.381413497324065
February,0.3777619609682578
March,0.1759045685161547
April,1.2206148830090089
May,1.8838199271721896
June,0.5089586112755804
July,0.977328776896052
August,4.036636686283356
September,1.209252491814988
