Year,Month,Day,RF_in
2025,6,1,0.0218048537914312
2025,6,2,0.0075684058906107
2025,6,11,0.0
2025,6,12,0.002532176875484
2025,6,14,0.0093345212394066
2025,6,16,5.364266272279014e-06
2025,6,19,0.0071801538542499
2025,6,20,0.0012837796230015792
