,Month,NDVI
276,February,0.6168493827160494
277,March,0.6658987654320987
278,April,0.6852098765432099
279,May,0.663991975308642
280,June,0.5122617283950618
281,July,0.5044141975308643
282,August,0.4318932098765432
283,September,0.3257975308641975
284,October,0.2785938271604938
285,November,0.3526234567901234
286,December,0.7425450617283952
287,January,0.6698506172839507
