Year,Month,Day,RF_in
2024,7,1,0.0121804506029878
2024,7,2,0.020731938896946814
