,Month,NDVI
292,August,0.468868785434299
293,September,0.6876594755384657
294,October,0.6349525451660156
295,November,0.4765353732638889
296,December,0.4668641620212131
297,January,0.3423125478956434
298,February,0.3884016142951118
299,March,0.4271644486321343
300,April,0.3120681974622938
301,May,0.2736505667368571
302,June,0.3466874493492974
303,July,0.3191481696234809
