,Month,RF
1246,November,3.248854909981956
1247,December,1.7483493808269084
1248,January,4.381413497324065
1249,February,0.3777619609682578
1250,March,0.1759045685161547
1251,April,1.2206148830090089
1252,May,1.8838199271721896
1253,June,0.5089586112755804
1254,July,0.977328776896052
1255,August,4.036636686283356
1256,September,1.209252491814988
1257,October,0.908924012672244
