,Month,RF
1234,November,1.0143794662996228
1235,December,3.017522856945128
1236,January,7.83545413146599
1237,February,7.83545413146599
1238,March,3.07248413406332
1239,April,1.9881168876107285
1240,May,1.3697251581040162
1241,June,0.5455661216328672
1242,July,1.645603663860865
1243,August,0.9343731497216412
1244,September,0.8035471892002269
1245,October,0.4463259212196864
