Year,Month,Day,RF_in
2025,8,1,0.0005632659790292
2025,8,2,0.0026207666906054
2025,8,3,0.0031560419529858
2025,8,4,0.0009766337074737
2025,8,5,6.875353241999318e-05
2025,8,6,0.1126904625279384
2025,8,7,0.0655222397985316
2025,8,8,0.0243410809667926
2025,8,9,0.1151785345736659
2025,8,10,0.0173336596000851
2025,8,12,0.006476486344558569
