,Month,Temp
396,January,71.85694274902343
397,February,71.55895080566407
398,March,72.96409912109374
399,April,73.12666015625001
400,May,80.55008544921876
401,June,81.6849578857422
402,July,75.94636840820313
403,August,77.18740539550782
404,September,76.84397583007812
405,October,76.35907592773438
406,November,74.52779541015624
407,December,71.90167846679688
