,Month,RF
1250,March,0.1759045685161547
1251,April,1.2206148830090089
1252,May,1.8838199271721896
1253,June,0.5089586112755804
1254,July,0.977328776896052
1255,August,4.036636686283356
1256,September,1.209252491814988
1257,October,0.908924012672244
1258,November,3.511481230861768
1259,December,0.5533270781643018
1260,January,3.745793753930173
1261,February,0.3576975210862315
