Year,Month,Day,RF_in
2026,3,1,0.0083757756321194
2026,3,2,0.164153865837571
2026,3,3,0.0126457455393013
2026,3,4,0.0680318754338379
2026,3,5,0.1198633504908159
2026,3,6,0.0401645014048943
2026,3,7,0.0383018707990345
2026,3,8,0.21857404704226968
