,Month,RF
1257,October,3.5071815363899828
1258,November,5.588175515061486
1259,December,0.2357128992875185
1260,January,9.243968608741616
1261,February,1.214902916188211
1262,March,3.006585032990668
1263,April,11.577266627478858
1264,May,3.644322020511325
1265,June,10.112298516938855
1266,July,2.8377129128390206
1267,August,5.302367938599689
1268,September,3.736762485038762
