,Month,Temp
411,April,67.75235460069445
412,May,69.23942328559028
413,June,70.08755967881945
414,July,70.965478515625
415,August,71.78121202256945
416,September,71.44004448784722
417,October,70.72703450520834
418,November,68.82806532118056
419,December,68.4083224826389
420,January,66.84827202690971
421,February,66.88944769965278
422,March,67.35613878038194
