Year,Month,Day,RF_in
2025,7,1,0.1545001267575657
2025,7,2,0.3229183695042135
2025,7,3,0.0041758141527373
2025,7,4,0.1444745668693269
2025,7,9,0.130939307499757
2025,7,10,0.0773076973098631
2025,7,11,0.0608445178017366
2025,7,12,0.0423199221704749
2025,7,13,0.0046118663677706
2025,7,16,0.1663156982018415
2025,7,17,0.6355763418027608
2025,7,18,0.2342445430642513
2025,7,19,0.5964789543993633
2025,7,20,0.20801821938870055
