,Month,NDVI
293,September,0.7168180206675588
294,October,0.7030980616440008
295,November,0.8012688719196084
296,December,0.7651548503357687
297,January,0.7570314760561343
298,February,0.7239841885036893
299,March,0.6405532271773727
300,April,0.4220242441436391
301,May,0.4782030082043306
302,June,0.3622414153299214
303,July,0.2913742065429687
304,August,0.6554280975718557
