,Month,RF
1250,March,1.4189216033054464
1251,April,2.560323880413386
1252,May,8.236415652036552
1253,June,4.417977009058764
1254,July,3.5178822387327457
1255,August,6.865246241463741
1256,September,5.395607016136871
1257,October,3.5071815363899828
1258,November,5.588175515061486
1259,December,0.2357128992875185
1260,January,9.243968608741616
1261,February,1.214902916188211
