,Month,RF
1261,February,1.214902916188211
1262,March,3.006585032990668
1263,April,11.577266627478858
1264,May,3.644322020511325
1265,June,10.112298516938855
1266,July,2.8377129128390206
1267,August,5.302367938599689
1268,September,3.736762485038762
1269,October,4.454092828782687
1270,November,3.512051533109143
1271,December,3.0247117683423257
1272,January,1.2940981525529796
