Year,Month,Day,RF_in
2024,7,1,0.0412438564053937
2024,7,2,0.0902008400768073
2024,7,3,0.0115357611563389
2024,7,4,0.0013139170947686
2024,7,5,0.0388340594481828
2024,7,6,0.0257236491466873
2024,7,7,0.0627292051970744
2024,7,8,0.028998782014295198
