,Month,NDVI
292,August,0.8385724668149594
293,September,0.8095608934944059
294,October,0.7734109384042246
295,November,0.8006629472897376
296,December,0.861552956663532
297,January,0.7750102384590808
298,February,0.5608471528983411
299,March,0.7922400957272376
300,April,0.1507551051952221
301,May,0.7137466242283951
302,June,0.6435388164755739
303,July,0.8168850180543499
