,Month,RF
1244,September,0.6762724978659352
1245,October,2.901053722993828
1246,November,8.141984232222708
1247,December,1.027021789105789
1248,January,8.62364399545543
1249,February,0.5801745518843565
1250,March,2.014260546533246
1251,April,4.331037599792214
1252,May,9.49655056138816
1253,June,1.663235834669972
1254,July,2.792437607082969
1255,August,15.166398199791
