,Month,Temp
406,November,65.08044162326388
407,December,62.959163411458334
408,January,63.22701822916667
409,February,59.98272569444444
410,March,61.586669921875
411,April,63.307470703125006
412,May,64.86484103732639
413,June,65.874755859375
414,July,66.58796115451389
415,August,67.60655110677084
416,September,66.79218750000001
417,October,65.96344943576389
