,Month,Temp
397,February,61.66725260416666
398,March,63.50853949652778
399,April,63.27169053819445
400,May,70.96796875000001
401,June,72.39639485677083
402,July,67.52644856770833
403,August,67.45224609375
404,September,67.02825520833333
405,October,67.08770887586806
406,November,65.08044162326388
407,December,62.959163411458334
408,January,63.22701822916667
