,Month,RF
1236,January,19.80117692536697
1237,February,19.80117692536697
1238,March,8.916661160627491
1239,April,5.111664373116556
1240,May,7.038812260012637
1241,June,2.5756807457987025
1242,July,3.458272007448722
1243,August,2.6696216060015066
1244,September,0.6762724978659352
1245,October,2.9010537229938276
1246,November,8.141984232222708
1247,December,1.027021789105789
