Year,Month,Temp
2023.0,September,67.02825520833333
2023.0,October,67.08770887586806
2023.0,November,65.08044162326388
2023.0,December,62.959163411458334
2024.0,January,63.22701822916667
2024.0,February,59.98272569444444
2024.0,March,61.586669921875
2024.0,April,63.307470703125006
2024.0,May,64.86484103732639
2024.0,June,65.874755859375
2024.0,July,66.58796115451389
2024.0,August,67.60655110677084
