Year,Month,Day,RF_in
2025,7,1,0.0065517179864227
2025,7,2,0.1374270888868383
2025,7,3,0.0303687133373736
2025,7,4,0.0035509980198847
2025,7,9,0.0005290000005517
2025,7,10,0.0072438095521449
2025,7,11,0.0248752229471207
2025,7,12,0.0412870280837901
2025,7,13,0.0035466510004722
2025,7,16,0.00010770055073116685
