,Year,Month,Temp
391,2022.0,August,58.86196831597222
392,2022.0,September,59.01587999131944
393,2022.0,October,59.31382921006944
394,2022.0,November,56.53379448784722
395,2022.0,December,55.804437934027774
396,2023.0,January,55.84157986111112
397,2023.0,February,53.37639973958333
398,2023.0,March,55.58324110243056
399,2023.0,April,55.01162109375
400,2023.0,May,62.93659939236111
401,2023.0,June,64.61107313368055
402,2023.0,July,60.46919487847222
