Year,Month,Day,RF_in
2024,11,1,0.3988647164275906
2024,11,2,0.0403480830155019
2024,11,3,0.0204486203538997
2024,11,4,4.936148931904345
2024,11,5,0.09999619798501751
