,Month,NDVI
294,October,0.6530692960009162
295,November,0.6323545479480132
296,December,0.6018540653181664
297,January,0.5524895279495804
298,February,0.5650754857946325
299,March,0.5087077293866946
300,April,0.4944676057792004
301,May,0.5032184742115162
302,June,0.4821360552752459
303,July,0.3587909039155936
304,August,0.3022680871280623
305,September,0.2908928953571084
