Year,Month,Day,RF_in
2025,5,1,0.0283206432776767
2025,5,2,0.0010801336212988
2025,5,3,0.0062483156852614
2025,5,4,0.0
2025,5,5,0.0
2025,5,6,0.007732549793254163
