,Month,Temp
398,March,55.58324110243056
399,April,55.01162109375
400,May,62.93659939236111
401,June,64.61107313368055
402,July,60.46919487847222
403,August,59.2926025390625
404,September,58.80108506944444
405,October,59.316796875
406,November,57.16202528211806
407,December,55.46388075086806
408,January,56.34453125
409,February,51.153325737847226
