,Month,NDVI
275,January,0.6190191358024691
276,February,0.6363728395061728
277,March,0.59965987654321
278,April,0.6319833333333333
279,May,0.6804141975308643
280,June,0.6732506172839505
281,July,0.5499302469135803
282,August,0.5344617283950618
283,September,0.5425481481481481
284,October,0.5488543209876543
285,November,0.5011858024691359
286,December,0.5904672839506172
