Month,Temp
October,76.17730305989583
November,74.51441514756945
December,71.4880615234375
January,70.76132541232639
February,69.92672254774305
March,70.7682345920139
April,72.27501085069444
May,73.56854383680556
June,75.87819552951389
July,76.76809895833333
August,78.03934461805557
September,77.72686089409723
