,Month,RF
1246,November,11.285320291994752
1247,December,7.059446616481968
1248,January,6.185581714937542
1249,February,2.1374671916010497
1250,March,1.9615347628529944
1251,April,17.762750088096627
1252,May,7.429805595047147
1253,June,0.1575172938282617
1254,July,2.4082031724658552
1255,August,1.890073138237278
1256,September,2.9692334397327937
1257,October,7.65831856195927
