Month,RF
October,5.267724509696706
November,11.285320291994752
December,7.059446616481968
January,6.185581714937542
February,2.1374671916010497
March,1.9615347628529944
April,17.762750088096627
May,7.429805595047147
June,0.1575172938282617
July,2.4082031724658552
August,1.890073138237278
September,2.9692334397327937
