,Month,RF
1256,September,2.9692334397327937
1257,October,7.65831856195927
1258,November,4.787082889052931
1259,December,1.7946827894885535
1260,January,4.254234049194372
1261,February,1.313000598639363
1262,March,3.4876595422317007
1263,April,8.874018785846214
1264,May,5.762796699566201
1265,June,7.356236842465005
1266,July,5.346674466255955
1267,August,3.348275584475552
