,Year,Month,Temp
391,2022.0,August,77.475
392,2022.0,September,78.09756944444445
393,2022.0,October,76.44903700086806
394,2022.0,November,74.42718098958333
395,2022.0,December,72.80540635850696
396,2023.0,January,71.00516764322917
397,2023.0,February,70.7152560763889
398,2023.0,March,-50.75185546875
399,2023.0,April,72.05853407118056
400,2023.0,May,79.27899848090277
401,2023.0,June,82.28299153645833
402,2023.0,July,76.78975694444445
