,Month,ET
266,March,3.939375
267,April,4.817916666666667
268,May,4.70703125
269,June,5.542187500000001
270,July,5.26984375
271,August,5.23765625
272,September,4.615
273,October,4.015
274,November,3.229843750000001
275,December,2.54625
276,January,3.1860937500000004
277,February,3.54828125
