Year,Month,Day,RF_in
2025,7,1,0.0223111211703124
2025,7,2,0.1386708871168936
2025,7,3,0.0386762354804323
2025,7,4,0.0253060163718752
2025,7,9,0.0454572668527043
2025,7,10,0.3962767593503937
2025,7,11,0.1661001883872317
2025,7,12,0.2812345973300646
2025,7,13,0.1550969950506403
2025,7,16,0.0338442411114016
