Year,Month,Day,RF_in
2024,9,1,0.002180454136969
2024,9,2,0.031471671475907
2024,9,3,0.0241818228256508
2024,9,4,0.0436955011886399
2024,9,5,0.0179807370566784
2024,9,6,0.0136763979768201
2024,9,7,0.0382873492140318
2024,9,8,0.037982900253686
2024,9,9,0.0728538797237069
2024,9,10,0.0847252532137231
2024,9,11,0.0023877723833278
2024,9,12,0.0044350852606606
2024,9,13,0.0143827538663193
2024,9,14,0.0186959529300814
2024,9,15,0.1820830542341061
2024,9,16,0.16831399586268625
