Year,Month,Temp
2023.0,September,78.22046440972223
2023.0,October,76.17730305989583
2023.0,November,74.51441514756945
2023.0,December,71.4880615234375
2024.0,January,70.76132541232639
2024.0,February,69.92672254774305
2024.0,March,70.7682345920139
2024.0,April,72.27501085069444
2024.0,May,73.56854383680556
2024.0,June,75.87819552951389
2024.0,July,76.76809895833333
2024.0,August,78.03934461805557
