Year,Month,Day,RF_in
2025,5,1,0.1184756565548257
2025,5,2,0.0056734578282907
2025,5,3,0.0001311879574273
2025,5,4,0.0944074792232459
2025,5,5,0.5641036220434469
2025,5,6,0.14339974708293843
