Year,Month,Day,RF_in
2024,10,1,0.0838407195899557
2024,10,2,0.15411338387117843
