,Month,RF
1246,November,16.32316956474191
1247,December,11.249172195489454
1248,January,2.727603283801764
1249,February,7.174289777905367
1250,March,5.590798003548168
1251,April,12.863616928526296
1252,May,10.094255796150485
1253,June,6.523008883329688
1254,July,8.019400813830563
1255,August,20.94415471286576
1256,September,9.61465320307184
1257,October,8.831858664151357
