,Month,RF
1244,September,3.903153802280792
1245,October,0.9699196535979878
1246,November,16.32316956474191
1247,December,11.249172195489454
1248,January,2.727603283801764
1249,February,7.174289777905367
1250,March,5.590798003548168
1251,April,12.863616928526296
1252,May,10.094255796150485
1253,June,6.523008883329688
1254,July,8.019400813830563
1255,August,20.944154712865753
