,Month,ET
268,May,5.0821875
269,June,5.430468750000001
270,July,5.741562500000001
271,August,5.49390625
272,September,5.342291666666667
273,October,4.616666666666666
274,November,3.391718750000001
275,December,2.72609375
276,January,3.2878125
277,February,3.26734375
278,March,4.21328125
279,April,4.752291666666666
