Year,Month,Temp
2023.0,September,73.76865776909722
2023.0,October,73.45430772569445
2023.0,November,71.56788736979166
2023.0,December,69.09994574652778
2024.0,January,68.86574435763889
2024.0,February,67.21653103298613
2024.0,March,68.51510416666667
2024.0,April,69.63873426649306
2024.0,May,71.0959716796875
2024.0,June,71.87545572916667
2024.0,July,72.82326388888889
2024.0,August,73.55291069878473
