Year,Month,Day,RF_in
2025,8,1,0.0269253752003771
2025,8,2,0.1019919443561579
2025,8,3,0.1858181423611111
2025,8,4,0.0209611978175816
2025,8,5,0.0077830235186547
2025,8,6,0.065641984469552
2025,8,7,0.0179467155343069
2025,8,8,0.0903504761845768
2025,8,9,0.0012280454994395
2025,8,10,0.082876866072622
2025,8,12,0.0227475085202396
2025,8,13,0.0440142047385542
2025,8,13,0.044014204738554275
