Year,Month,Day,RF_in
2026,3,1,0.0593326821136697
2026,3,2,0.1039155500442951
2026,3,3,0.0882583222120835
2026,3,4,0.0576903709485044
2026,3,5,0.0011662279445899
2026,3,6,0.010473474395209
2026,3,7,0.06074164668591502
