Year,Month,Day,RF_in
2025,6,1,0.0123660520618669
2025,6,2,0.0339151951480308
2025,6,11,0.0054591133375029
2025,6,12,0.0684594760381921
2025,6,14,0.3363885561532456
2025,6,16,0.0251167351504022
2025,6,19,0.1005893505916334
2025,6,20,0.006864835027704159
