Year,Month,Day,RF_in
2024,10,1,0.1482413681206787
2024,10,2,0.014643646415264715
