,Month,Temp
410,March,69.95171983506944
411,April,70.95151909722222
412,May,72.38799099392361
413,June,73.11969672309027
414,July,74.12980414496528
415,August,74.78588324652779
416,September,74.78530002170139
417,October,74.15558810763889
418,November,72.11162651909723
419,December,71.54084201388889
420,January,70.31761067708334
421,February,70.16754286024306
