Year,Month,Day,RF_in
2025,6,1,0.2247065761711155
2025,6,2,0.137720383371268
2025,6,11,0.0436783467319948
2025,6,12,0.2245225866508168
2025,6,14,0.3194098418361767
2025,6,16,0.1326901003931312
2025,6,19,0.0390568115139443
2025,6,20,0.023826056972031603
