,Month,NDVI
292,August,0.5198969899872203
293,September,0.5539305887104552
294,October,0.5171036896882234
295,November,0.539977886058666
296,December,0.6114245756172839
297,January,0.6529294708628713
298,February,0.5523960443190586
299,March,0.6282030741373698
300,April,0.5713256553367332
301,May,0.511852028929157
302,June,0.3533314834406346
303,July,0.5464037671501254
