Year,Month,Day,RF_in
2026,3,1,0.026668887149027976
2026,3,2,0.01516672940762708
2026,3,3,0.007600514988654949
2026,3,4,0.004024654873098613
2026,3,5,0.008981921089463833
2026,3,6,1.5602525766521385e-05
2026,3,7,0.004010142558770797
2026,3,8,0.011422652434338586
