Month,RF
October,3.4376908127369497
November,7.434404087075922
December,4.613219259593419
January,7.202988583132838
February,1.8599058581219017
March,1.222130423258725
April,20.38003631707495
May,5.284970278780256
June,0.1038527171187884
July,1.7651036113161638
August,0.6766604718979357
September,1.275417253344634
