Month,Temp
October,75.49446343315972
November,73.91182454427084
December,70.87551812065973
January,70.18743760850694
February,69.28592393663195
March,70.14850802951389
April,71.65351019965277
May,72.93193359375
June,75.25340711805555
July,76.12858072916666
August,77.39383951822917
September,77.06039496527778
