Year,Month,Day,RF_in
2024,11,1,0.0629531179513205
2024,11,2,0.0034563520785102
2024,11,3,0.0840552059220679
2024,11,4,0.0512120085670172
2024,11,5,0.9162609285384467
