,Month,RF
1252,May,5.284970278780256
1253,June,0.1038527171187884
1254,July,1.7651036113161638
1255,August,0.6766604718979357
1256,September,1.275417253344634
1257,October,2.646065488829956
1258,November,3.3468627633025907
1259,December,0.8470847255068594
1260,January,2.7591676026933265
1261,February,2.0015152524879705
1262,March,1.589778745511629
1263,April,3.5261970698758147
