Year,Month,Day,RF_in
2024,7,1,0.0003966448072257
2024,7,2,0.0036342136827678
2024,7,3,0.0296229895273473
2024,7,4,0.157468003504499
2024,7,5,0.000452016577772
2024,7,6,0.0185345949810981
2024,7,7,0.0003585585285185
2024,7,8,0.006418809420723859
