Year,Month,Day,RF_in
2024,10,1,0.0239843370569821
2024,10,2,0.2189761421661214
