,Month,Temp
396,January,70.4529296875
397,February,70.015673828125
398,March,-134.71602647569446
399,April,71.32785101996528
400,May,78.36920572916668
401,June,81.77425672743055
402,July,76.12525227864583
403,August,77.76422526041667
404,September,77.53597005208334
405,October,75.49446343315972
406,November,73.91182454427084
407,December,70.87551812065973
