,Month,RF
1257,October,2.646065488829956
1258,November,3.3468627633025907
1259,December,0.8470847255068594
1260,January,2.7591676026933265
1261,February,2.0015152524879705
1262,March,1.589778745511629
1263,April,3.5261970698758147
1264,May,3.379941717626009
1265,June,2.6034477962932585
1266,July,1.715089314600649
1267,August,0.4863204651976554
1268,September,3.729441114240061
