Year,Month,Day,RF_in
2024,7,1,0.0003966448072257
2024,7,2,0.0036342136827678204
