,Month,ET
266,March,3.962890625
267,April,4.938281249999999
268,May,4.810546875
269,June,5.5433593750000005
270,July,4.9974609375000005
271,August,4.5619140625
272,September,3.872395833333334
273,October,3.6955729166666655
274,November,3.3458984375
275,December,2.8435546875
276,January,3.2080078125
277,February,3.419921875
