,Month,ET
265,February,2.898375
266,March,3.4838750000000003
267,April,3.8625
268,May,3.2416250000000004
269,June,3.23075
270,July,3.2601250000000004
271,August,2.54075
272,September,2.283666666666667
273,October,1.9521666666666664
274,November,2.0511250000000003
275,December,2.0707500000000003
276,January,2.6667499999999995
