Year,Month,Day,RF_in
2024,7,1,1.0993738349190698e-05
2024,7,2,0.0021324378356903
2024,7,3,0.0031328122493209
2024,7,4,0.0008924707699368
2024,7,5,0.0003513170885508
2024,7,6,0.0062286595370223
2024,7,7,0.0
2024,7,8,0.03206874743209725
