,Month,Temp
406,November,73.99690212673612
407,December,71.26087510850695
408,January,70.57261827256944
409,February,68.61314561631946
410,March,70.39826388888889
411,April,71.67426486545139
412,May,73.44406195746528
413,June,74.81012912326389
414,July,75.63733452690971
415,August,76.60943196614583
416,September,76.42833387586805
417,October,75.9073974609375
