Year,Month,Day,RF_in
2025,7,1,0.0015403583096822
2025,7,2,5.181467056830655e-06
2025,7,3,2.132513904112056e-06
2025,7,4,0.0007201344299168
2025,7,9,0.0432311479211189
2025,7,10,0.0348279264562619
2025,7,11,0.0
2025,7,12,0.0191760941567823
2025,7,13,0.0
2025,7,16,0.0002059815599073112
