,Month,RF
1257,October,0.447966066755219
1258,November,0.9379772691716488
1259,December,0.3926150653016246
1260,January,6.1804729649679215
1261,February,1.124487345033477
1262,March,0.7297353076091183
1263,April,1.8576409061877248
1264,May,0.65430648683563
1265,June,0.2733316214772741
1266,July,0.4085541587303757
1267,August,0.4233538936430689
1268,September,0.2350904439320031
