Year,Month,Day,RF_in
2024,9,1,0.0
2024,9,2,0.0004620273710977
2024,9,3,5.002474227451753e-05
2024,9,4,0.0
2024,9,5,0.000106960758125
2024,9,6,2.2137386859610534e-06
2024,9,7,0.0004321393529098
2024,9,8,0.0013026535725401
2024,9,9,0.0
2024,9,10,0.0
2024,9,11,0.0
2024,9,12,0.0
2024,9,13,0.0
2024,9,14,
2024,9,15,
