,Month,RF
1236,January,4.192203771295081
1237,February,4.192203771295081
1238,March,2.3470707112131817
1239,April,3.348711083694833
1240,May,1.15864080764861
1241,June,0.0652207991721575
1242,July,0.2651960926013263
1243,August,0.1449010624092453
1244,September,0.1617471393278531
1245,October,0.7958294933456669
1246,November,3.2378177933921455
1247,December,2.8061701909114665
