Year,Month,Day,RF_in
2026,2,1,0.029577021813432
2026,2,2,0.1797118529502117
2026,2,3,0.0347674668235033
2026,2,4,0.0
2026,2,5,7.677334857583294e-08
2026,2,6,0.0800073252273994
2026,2,7,2.335035981016696
2026,2,8,1.2121948704979586
2026,2,9,0.61368241953968
