Year,Month,Day,RF_in
2026,3,1,0.0
2026,3,2,0.0005156042810616
2026,3,3,0.0108113765855612
2026,3,4,0.0033859197491052
2026,3,5,0.0044337206173304
2026,3,6,0.0009919024074669
2026,3,7,0.0007372396361020143
