Year,Month,Day,RF_in
2024,11,1,5.577104873220115e-06
2024,11,2,0.0
2024,11,3,0.0261597231478064
2024,11,4,0.0034351963986225
2024,11,5,0.03894930506072402
