Year,Month,Day,RF_in
2025,5,1,0.0163943744139153
2025,5,2,0.0009878953900526
2025,5,3,0.0045396218532096
2025,5,4,0.0244353405527949
2025,5,5,3.9972129514269056e-05
2025,5,6,0.01228570126926307
