Year,Month,Temp
2023.0,September,76.82664930555555
2023.0,October,74.98781467013889
2023.0,November,73.99690212673612
2023.0,December,71.26087510850695
2024.0,January,70.57261827256944
2024.0,February,68.61314561631946
2024.0,March,70.39826388888889
2024.0,April,71.67426486545139
2024.0,May,73.44406195746528
2024.0,June,74.81012912326389
2024.0,July,75.63733452690971
2024.0,August,76.60943196614583
