Month,Temp
October,74.98781467013889
November,73.99690212673612
December,71.26087510850695
January,70.57261827256944
February,68.61314561631946
March,70.39826388888889
April,71.67426486545139
May,73.44406195746528
June,74.81012912326389
July,75.63733452690971
August,76.60943196614583
September,76.42833387586805
