,Month,RF
1244,September,0.1617471393278531
1245,October,0.7958294933456669
1246,November,3.237817793392145
1247,December,2.8061701909114665
1248,January,7.908484502588219
1249,February,0.6825333034678175
1250,March,0.0917975172723499
1251,April,2.788273902285652
1252,May,1.633159095672937
1253,June,0.0436653381211191
1254,July,0.2882621544865485
1255,August,0.7851270703656619
