Year,Month,Day,RF_in
2025,6,1,0.0201269093970811
2025,6,2,0.0037816125449418
2025,6,11,0.0017441630861763
2025,6,12,0.0003819239316858
2025,6,14,0.0121824565452471
2025,6,16,0.0077613695399967
2025,6,19,0.0043906615776328
2025,6,20,0.001100813367919
2025,6,23,2.107563702626978e-05
2025,6,24,0.0009922841275017
2025,6,26,0.0
2025,6,30,0.012611987304094177
