Month,RF
October,0.7958294933456669
November,3.237817793392145
December,2.8061701909114665
January,7.908484502588219
February,0.6825333034678175
March,0.0917975172723499
April,2.788273902285652
May,1.633159095672937
June,0.0436653381211191
July,0.2882621544865485
August,0.7851270703656619
September,0.0317895814560587
