,Year,Month,Temp
391,2022.0,August,76.7471164279514
392,2022.0,September,76.98151041666667
393,2022.0,October,76.23543023003472
394,2022.0,November,74.05299207899306
395,2022.0,December,71.99948459201389
396,2023.0,January,70.4739013671875
397,2023.0,February,69.49614800347223
398,2023.0,March,71.3572998046875
399,2023.0,April,72.37311469184027
400,2023.0,May,79.93949110243057
401,2023.0,June,81.87948133680555
402,2023.0,July,75.84408908420139
