,Month,ET
264,January,3.936166666666667
265,February,3.6051250000000006
266,March,4.4275
267,April,5.013166666666667
268,May,4.8503750000000005
269,June,5.615
270,July,5.827375000000001
271,August,5.1575
272,September,4.72
273,October,4.134833333333334
274,November,3.383125
275,December,2.725875
