Year,Month,Day,RF_in
2025,8,1,0.0036806903567295
2025,8,2,0.0003887414121066
2025,8,3,0.0005524893410527
2025,8,4,0.0011199342505721
2025,8,5,0.0001415871630561
2025,8,6,0.0074274945307765
2025,8,7,0.0109956043622022
2025,8,8,0.0127477730237164
2025,8,9,0.0041227891376325
2025,8,10,0.0055129370212415
2025,8,12,0.010439978520098658
