,Month,NDVI
292,August,0.7370526820053289
293,September,0.7330394321017795
294,October,0.6996195286880305
295,November,0.7645826457459249
296,December,0.8160235558027102
297,January,0.7243455486533082
298,February,0.5770554719147859
299,March,0.6887989279664593
300,April,0.6570877734525704
301,May,0.7041944809901861
302,June,0.7840755132981289
303,July,0.6755520855938947
