,Month,RF
1239,April,1.8233617777215785
1240,May,0.8212993744569907
1241,June,0.384496594467304
1242,July,1.1119599192624794
1243,August,0.2541195793518974
1244,September,1.0597917407134003
1245,October,0.5874590179808253
1246,November,4.505975381549529
1247,December,1.1518440532118817
1248,January,9.599616020219695
1249,February,0.6249457109283866
1250,March,0.976096503968905
