Month,RF
October,0.5874590179808253
November,4.505975381549529
December,1.1518440532118817
January,9.599616020219695
February,0.6249457109283866
March,0.976096503968905
April,0.9227190734323356
May,2.4021341882503404
June,0.0775435581097881
July,1.0135037509417226
August,2.8633121977374354
September,1.3712489158798729
