Year,Month,Day,RF_in
2024,9,1,0.0
2024,9,2,0.0011078432047345
2024,9,3,0.0009001894758314
2024,9,4,0.000562726831348
2024,9,5,0.0
2024,9,6,0.011143441959061
2024,9,7,0.0097678675762334
2024,9,8,0.0014522653447882
2024,9,9,0.0
2024,9,10,0.0
2024,9,11,0.0084214642987233
2024,9,12,0.0
2024,9,13,0.0
2024,9,14,0.0236557546760037
2024,9,15,0.0180641582967751
2024,9,16,0.040550869756019806
