,Month,RF
1261,February,0.7141933847217666
1262,March,1.4097878674996356
1263,April,1.174210082734884
1264,May,0.7951499009672403
1265,June,0.573073541317318
1266,July,0.5039264111218954
1267,August,0.7344636187512151
1268,September,1.1833847578405998
1269,October,1.2310843821388646
1270,November,3.46646698730801
1271,December,1.0250972860163312
1272,January,2.3778243133019834
