Year,Month,Day,RF_in
2024,11,1,0.0834833165351672
2024,11,2,0.0109566517679061
2024,11,3,0.0327553558572105
2024,11,4,0.0778586275551819
2024,11,5,0.02994224375534466
