,Month,Temp
410,March,69.51700032552084
411,April,70.78365614149305
412,May,72.59944661458334
413,June,74.008251953125
414,July,74.81234809027778
415,August,75.82174750434028
416,September,75.49558919270834
417,October,74.96475965711807
418,November,72.69911295572916
419,December,71.91112738715277
420,January,69.9734347873264
421,February,70.01317816840277
