,Month,RF
1246,November,4.505975381549529
1247,December,1.1518440532118817
1248,January,9.599616020219695
1249,February,0.6249457109283866
1250,March,0.976096503968905
1251,April,0.9227190734323356
1252,May,2.4021341882503404
1253,June,0.0775435581097881
1254,July,1.0135037509417226
1255,August,2.8633121977374354
1256,September,1.3712489158798729
1257,October,1.3099423736041242
