,Month,Temp
414,July,74.81234809027778
415,August,75.82174750434028
416,September,75.49558919270834
417,October,74.96475965711807
418,November,72.69911295572916
419,December,71.91112738715277
420,January,69.9734347873264
421,February,70.01317816840277
422,March,70.97348361545139
423,April,72.26437174479167
424,May,72.9762939453125
425,June,74.51600206163195
