Year,Month,Day,RF_in
2025,7,1,0.0181934100448001
2025,7,2,0.0187156123230567
2025,7,3,0.0033795215928938
2025,7,4,0.0070673385491069
2025,7,9,0.0240960375634808
2025,7,10,0.0252824113797061
2025,7,11,0.0210768198195196
2025,7,12,0.0220106029760806
2025,7,13,0.000179404621165
2025,7,16,0.0011271229635768745
