Year,Month,Day,RF_in
2024,10,1,0.0122969966594361
2024,10,2,0.0005205928891117886
