,Month,Temp
410,March,58.75734049479167
411,April,60.72200792100695
412,May,62.32027452256945
413,June,63.424281141493054
414,July,64.04168023003473
415,August,65.17827419704861
416,September,64.08866102430557
417,October,63.19260525173611
418,November,61.61226671006945
419,December,61.5244384765625
420,January,59.22421061197917
421,February,59.68565538194444
