,Month,Temp
414,July,64.04168023003473
415,August,65.17827419704861
416,September,64.08866102430557
417,October,63.19260525173611
418,November,61.61226671006945
419,December,61.5244384765625
420,January,59.22421061197917
421,February,59.68565538194444
422,March,59.300846354166666
423,April,60.5415771484375
424,May,60.978515625
425,June,62.89021809895833
