,Month,Temp
396,January,60.70101182725695
397,February,58.893408203125006
398,March,60.85699598524306
399,April,60.50814344618056
400,May,68.28093532986111
401,June,69.79168023003473
402,July,65.16532389322916
403,August,64.72229817708333
404,September,64.27571072048612
405,October,64.4878173828125
406,November,62.43119845920139
407,December,60.45149197048612
