,Month,NDVI
292,August,0.4109655309606481
293,September,0.5037637875403886
294,October,0.5572353410132137
295,November,0.5406089594334732
296,December,0.7556079346456646
297,January,0.7474456598729263
298,February,0.7263192541805314
299,March,0.7037791028434848
300,April,0.3792452871063609
301,May,0.3649320013729142
302,June,0.4013835294747058
303,July,0.1688093373804916
