Year,Month,Day,RF_in
2025,5,1,0.2442364911939447
2025,5,2,0.0063181298924243
2025,5,3,0.0189123768332262
2025,5,4,0.0288091281116953
2025,5,5,0.083518967842168
2025,5,6,0.0664613192916044
