,Month,NDVI
275,January,0.7636166666666667
276,February,0.6239736111111112
277,March,0.5602416666666667
278,April,0.42449375
279,May,0.3366409722222221
280,June,0.2897145833333334
281,July,0.6695236111111111
282,August,0.4271770833333334
283,September,0.6684277777777778
284,October,0.8216069444444445
285,November,0.7484409722222223
286,December,0.7642361111111112
