Year,Month,Day,RF_in
2024,7,1,0.0336199093226546
2024,7,2,0.0499748629731966
2024,7,3,0.0472676182692468
2024,7,4,0.0097252391593801
2024,7,5,0.0142367889457695
2024,7,6,0.0117830536253565
2024,7,7,0.019527678936068
2024,7,8,0.06640595482171445
