Year,Month,Day,RF_in
2026,3,1,0.0009672805960977
2026,3,2,0.0173541636674179
2026,3,3,0.0093768416380898
2026,3,4,0.0035718577334794
2026,3,5,0.0319028579772729
2026,3,6,0.0086844492389704
2026,3,7,0.0064312599369767
2026,3,8,0.11835133309752298
