,Month,RF
1244,September,1.0518593656966926
1245,October,0.6886349797909376
1246,November,2.32130197321255
1247,December,0.681716119442318
1248,January,2.9158635444007
1249,February,0.8656846954324937
1250,March,0.745566534882467
1251,April,1.5900134641644188
1252,May,4.368732133852193
1253,June,1.895968990746816
1254,July,2.395619974315277
1255,August,8.212956127879849
