,Month,RF
1250,March,0.2530378325173003
1251,April,2.3340672029169096
1252,May,2.0900573463473315
1253,June,1.6957812727836103
1254,July,2.1847066344354524
1255,August,7.292386249027899
1256,September,1.2543778944678357
1257,October,2.2083004869617
1258,November,2.336697285940386
1259,December,0.3179449268873943
1260,January,3.278364076018276
1261,February,0.2956775670103954
