Year,Month,Day,RF_in
2025,7,1,0.0095889296466319
2025,7,2,0.1072015296014159
2025,7,3,0.0275695294973233
2025,7,4,0.0270952899821984
2025,7,9,0.0016631062158032
2025,7,10,0.0
2025,7,11,0.0200105883862634
2025,7,12,0.1583069921571218
2025,7,13,0.0
2025,7,16,0.06752429486387172
