,Month,RF
1244,September,0.9251220916721348
1245,October,0.6624767251180192
1246,November,3.9352058328320942
1247,December,2.083058980691649
1248,January,1.9765870161140884
1249,February,1.1271756923939196
1250,March,0.2530378325173003
1251,April,2.3340672029169096
1252,May,2.0900573463473315
1253,June,1.6957812727836103
1254,July,2.1847066344354524
1255,August,7.292386249027899
