Year,Month,Day,RF_in
2025,6,1,0.2060031603478222
2025,6,2,0.0744076003205084
2025,6,11,0.015393210138792
2025,6,12,0.0449639297474968
2025,6,14,0.0963695990027613
2025,6,16,0.0064409533545448
2025,6,19,0.0185985570747951
2025,6,20,0.0051957784292822
2025,6,23,0.1098067078841164
2025,6,24,0.0078817617676516
2025,6,26,0.0029623625495638
2025,6,30,0.054060957389379875
