Year,Month,Day,RF_in
2026,3,1,0.0014210811124386
2026,3,2,0.0246819256693255
2026,3,3,0.0603899617833415
2026,3,4,0.019115074575266
2026,3,5,0.0726555540319016
2026,3,6,0.0288506329227631
2026,3,7,0.009593540880276115
