,Year,Month,Temp
397,2023.0,February,62.545404730902774
398,2023.0,March,64.3479736328125
399,2023.0,April,64.14658203125
400,2023.0,May,71.81863878038195
401,2023.0,June,73.22100423177083
402,2023.0,July,68.27394476996528
403,2023.0,August,68.31650390625
404,2023.0,September,67.89966362847221
405,2023.0,October,67.910791015625
406,2023.0,November,65.91914605034722
407,2023.0,December,63.7530517578125
408,2024.0,January,63.95600043402778
