,Month,NDVI
276,February,0.7610487654320989
277,March,0.7367753086419754
278,April,0.6837561728395062
279,May,0.6321888888888889
280,June,0.5027999999999999
281,July,0.4911055555555556
282,August,0.4603623456790123
283,September,0.3288604938271605
284,October,0.3569691358024691
285,November,0.4179166666666666
286,December,0.7068870370370371
287,January,0.7694672839506174
