,Month,NDVI
292,August,0.5777942987135899
293,September,0.555444128719377
294,October,0.6247723897298177
295,November,0.5787390720697096
296,December,0.7262480935932677
297,January,0.6798167287567516
298,February,0.6131209385247878
299,March,0.6830562073507427
300,April,0.4700427114227671
301,May,0.5339208532262731
302,June,0.636627150170597
303,July,0.482764020378207
