,Month,Temp
415,August,63.79726019965278
416,September,62.55111219618056
417,October,61.61676974826389
418,November,60.103076171875
419,December,60.08466796875
420,January,57.629635959201394
421,February,58.17897677951389
422,March,57.616078016493056
423,April,58.85930989583333
424,May,59.32792426215278
425,June,61.37044270833333
426,July,62.80437282986111
