Year,Month,Day,RF_in
2025,6,1,0.3971471347996105
2025,6,2,0.2802252952566042
2025,6,11,0.0465861272566216
2025,6,12,0.1273737763065261
2025,6,14,0.342393224135286
2025,6,16,0.0665196503774294
2025,6,19,0.3193598246915099
2025,6,20,0.0260541653904284
2025,6,23,0.5126225117449512
2025,6,24,0.141242898633439
2025,6,26,0.0613974505128116
2025,6,30,0.06286384506129171
