,Month,RF
1244,September,2.5064309113596046
1245,October,2.7364442739470936
1246,November,6.473318778403567
1247,December,10.034767789442986
1248,January,5.860588701911394
1249,February,3.775316863061388
1250,March,1.888435803570344
1251,April,8.436991166034801
1252,May,14.167403336735688
1253,June,6.14212245279236
1254,July,8.06690369216001
1255,August,16.639147862593568
