,Month,RF
1250,March,1.888435803570344
1251,April,8.436991166034801
1252,May,14.167403336735688
1253,June,6.14212245279236
1254,July,8.06690369216001
1255,August,16.639147862593568
1256,September,6.497955455763342
1257,October,4.299483248730193
1258,November,5.7907317791873245
1259,December,1.9914584244677749
1260,January,7.002931870929329
1261,February,0.4528169288015973
