,Month,RF
1233,October,3.835155879766331
1234,November,3.48025391954044
1235,December,18.859689793550118
1236,January,10.217366085532714
1237,February,10.217366085532714
1238,March,11.24123780317391
1239,April,5.273019800476329
1240,May,7.935529122770244
1241,June,6.320228580368426
1242,July,11.093266797596485
1243,August,6.662482076893167
1244,September,2.5064309113596046
