Year,Month,Day,RF_in
2024,9,1,0.2319494799783328
2024,9,2,0.1322685591018245
2024,9,3,0.1687780487603437
2024,9,4,0.117889861155729
2024,9,5,0.00991775491929
2024,9,6,0.1299471079671627
2024,9,7,0.1306275161649715
2024,9,8,0.0578785693551611
2024,9,9,0.0041250683330314
2024,9,10,0.0292769968190994
2024,9,11,0.0838895649213282
2024,9,12,0.0466200542181101
2024,9,13,0.0371299722144378
2024,9,14,
2024,9,15,
