Year,Month,Day,RF_in
2026,2,1,0.0143407762508368
2026,2,2,5.8228879804147453e-08
2026,2,3,0.3029984928167074
2026,2,4,0.0011095538760014
2026,2,5,0.0045249964366492
2026,2,6,0.0011562450502013
2026,2,7,3.3563058578181204
2026,2,8,4.206794775110577
2026,2,9,1.5776959561369932
