,Month,RF
1238,March,2.164895365557333
1239,April,0.4854528338681786
1240,May,0.4273199179875465
1241,June,0.1714437089254224
1242,July,0.1373477828992842
1243,August,0.0430637186072108
1244,September,0.0928178254909298
1245,October,0.0460343264949394
1246,November,1.3072339422538004
1247,December,0.681853607257833
1248,January,9.44684313142498
1249,February,0.1199206905415052
