Year,Month,Temp
2023.0,September,75.75538940429686
2023.0,October,74.19894409179688
2023.0,November,73.13088989257812
2023.0,December,70.481298828125
2024.0,January,69.8327423095703
2024.0,February,67.70516052246094
2024.0,March,69.52206420898438
2024.0,April,70.78877563476563
2024.0,May,72.60430908203125
2024.0,June,74.01286315917969
2024.0,July,74.81709289550781
2024.0,August,75.82627563476564
