,Year,Month,Temp
391,2022.0,August,75.80005187988282
392,2022.0,September,76.00391235351563
393,2022.0,October,75.33402709960937
394,2022.0,November,73.12199096679689
395,2022.0,December,71.19963989257812
396,2023.0,January,69.73110961914062
397,2023.0,February,68.94375
398,2023.0,March,70.51654968261718
399,2023.0,April,71.45318603515625
400,2023.0,May,78.96517944335938
401,2023.0,June,80.91945190429688
402,2023.0,July,75.0260986328125
