Year,Month,Day,RF_in
2024,10,1,0.0060211652637258
2024,10,2,0.001560917363704972
