,Month,Temp
414,July,74.81709289550781
415,August,75.82627563476564
416,September,75.50094909667969
417,October,74.97018127441406
418,November,72.704052734375
419,December,71.91559753417968
420,January,69.97850646972657
421,February,70.01773681640626
422,March,70.97897338867188
423,April,72.26994323730469
424,May,72.98016967773438
425,June,74.52066650390626
