,Month,Temp
406,November,73.13088989257812
407,December,70.481298828125
408,January,69.8327423095703
409,February,67.70516052246094
410,March,69.52206420898438
411,April,70.78877563476563
412,May,72.60430908203125
413,June,74.01286315917969
414,July,74.81709289550781
415,August,75.82627563476564
416,September,75.50094909667969
417,October,74.97018127441406
