,Month,Temp
397,February,68.94375
398,March,70.51654968261718
399,April,71.45318603515625
400,May,78.96517944335938
401,June,80.91945190429688
402,July,75.0260986328125
403,August,76.23038940429687
404,September,75.75538940429686
405,October,74.19894409179688
406,November,73.13088989257812
407,December,70.481298828125
408,January,69.8327423095703
