,Month,RF
1246,November,1.3072339422538004
1247,December,0.681853607257833
1248,January,9.44684313142498
1249,February,0.1199206905415052
1250,March,0.0189445275334235
1251,April,0.2564615464898858
1252,May,0.9605127369637876
1253,June,0.0125254775386887
1254,July,0.1245448762454803
1255,August,0.6652169215084688
1256,September,0.1120963225944565
1257,October,0.0465592103158812
