,Month,RF
1250,March,0.0189445275334235
1251,April,0.2564615464898858
1252,May,0.9605127369637876
1253,June,0.0125254775386887
1254,July,0.1245448762454803
1255,August,0.6652169215084688
1256,September,0.1120963225944565
1257,October,0.0465592103158812
1258,November,0.0315853679586896
1259,December,0.0564778111842465
1260,January,6.063498349327428
1261,February,0.4163375280452004
