Year,Month,Day,RF_in
2026,3,1,0.0
2026,3,2,0.0001347857125735
2026,3,3,0.0
2026,3,4,0.0
2026,3,5,0.0
2026,3,6,0.0004580528952005
2026,3,7,0.0
