,Month,RF
1256,September,0.1120963225944565
1257,October,0.0465592103158812
1258,November,0.0315853679586896
1259,December,0.0564778111842465
1260,January,6.063498349327428
1261,February,0.4163375280452004
1262,March,0.0874803364537623
1263,April,1.3592070064728237
1264,May,0.1289869960941772
1265,June,0.0490131987257162
1266,July,0.0376741738039886
1267,August,0.160602576254964
