,Month,RF
1251,April,0.6836925383106409
1252,May,2.1566493302378005
1253,June,0.5286631821033222
1254,July,0.9718067773266624
1255,August,2.7683491603480124
1256,September,0.441379942049887
1257,October,0.7670281618714762
1258,November,0.8273548309038411
1259,December,0.2643126640419947
1260,January,2.858752153051181
1261,February,0.1578098021594685
1262,March,1.029266686716244
