,Month,NDVI
294,October,0.2373097031204789
295,November,0.2941076726089289
296,December,0.2447863449285059
297,January,0.2707712856339819
298,February,0.3705848646752628
299,March,0.3403270862720631
300,April,0.3067116913972078
301,May,0.2583084812870732
302,June,0.2577985834192347
303,July,0.2152974870469835
304,August,0.1924515947883511
305,September,0.1808289068716543
