Year,Month,Day,RF_in
2024,7,1,0.0063395613748871
2024,7,2,0.004174632605234411
