Year,Month,Day,RF_in
2025,6,1,0.2777927888544097
2025,6,2,0.067135512429029
2025,6,11,0.0001121805391425
2025,6,12,0.0054132647517587
2025,6,14,0.0156269572248632
2025,6,16,0.0014369061543177
2025,6,19,0.016790063501482
2025,6,20,0.00434999298143169
