,Year,Month,Temp
391,2022.0,August,72.11399197048611
392,2022.0,September,72.5422119140625
393,2022.0,October,72.35400661892362
394,2022.0,November,70.21225857204861
395,2022.0,December,68.59201388888889
396,2023.0,January,67.56164822048612
397,2023.0,February,66.6824191623264
398,2023.0,March,68.30258246527778
399,2023.0,April,68.2682373046875
400,2023.0,May,75.82617458767362
401,2023.0,June,77.10576985677083
402,2023.0,July,71.79541286892362
