,Month,Temp
413,June,70.30525444878472
414,July,71.19167751736111
415,August,71.99692925347222
416,September,71.68021647135416
417,October,70.97318793402778
418,November,69.06381022135417
419,December,68.6332248263889
420,January,67.09735514322917
421,February,67.12479654947917
422,March,67.61930609809028
423,April,68.84765082465277
424,May,69.13407389322916
