,Month,RF
1246,November,1.5481432401787452
1247,December,0.7824055562390638
1248,January,1.9305236585010208
1249,February,0.4055322154080241
1250,March,0.2127806911132907
1251,April,0.6836925383106409
1252,May,2.1566493302378005
1253,June,0.5286631821033222
1254,July,0.9718067773266624
1255,August,2.7683491603480124
1256,September,0.441379942049887
1257,October,0.7670281618714762
