,Month,ET
266,March,2.721484375
267,April,3.2804687500000003
268,May,3.3724609375000005
269,June,3.4302734375000004
270,July,3.3341796875
271,August,3.07578125
272,September,2.9820312500000004
273,October,2.4604166666666667
274,November,2.232421875
275,December,1.86875
276,January,1.6859375
277,February,1.7570312500000005
