Year,Month,Day,RF_in
2024,7,1,0.0063395613748871
2024,7,2,0.0041746326052344
2024,7,3,0.0109231818506851
2024,7,4,0.0085024575490906
2024,7,5,0.0046562436974244
2024,7,6,0.0016616472433569
2024,7,7,0.0030194766275549
2024,7,8,0.010456914188818507
