,Month,tmean_f
421,February,61.89185218811035
422,March,62.08984985351563
423,April,63.2327163696289
424,May,63.529718017578126
425,June,65.24075279235839
426,July,66.55093078613282
427,August,67.12377166748047
428,September,66.35196838378906
429,October,65.55611877441407
430,November,64.26996994018555
431,December,62.887814331054685
432,January,61.98152122497559
