Year,Month,Day,RF_in
2024,10,1,0.0012306440695852
2024,10,2,0.00039775975072442986
