Year,Month,Day,RF_in
2025,7,1,0.0
2025,7,2,0.0276993078196768
2025,7,3,0.0001118461430055
2025,7,4,0.0005765139471398
2025,7,9,0.038046997699235
2025,7,10,0.0019226003993388
2025,7,11,0.029632519781039
2025,7,12,0.0238525247485781
2025,7,13,0.000129666639693
2025,7,16,0.0009810748387208148
