,Month,Temp
397,February,69.93077799479167
398,March,72.01880425347223
399,April,73.096923828125
400,May,80.70608181423611
401,June,82.63483072916667
402,July,76.48768717447916
403,August,77.96531575520834
404,September,77.66953125
405,October,75.60851236979167
406,November,74.67828776041667
407,December,71.87424587673611
408,January,71.15476345486111
