,Year,Month,Temp
391,2022.0,August,77.49227701822917
392,2022.0,September,77.75069444444445
393,2022.0,October,76.94466145833334
394,2022.0,November,74.78550889756944
395,2022.0,December,72.62881130642361
396,2023.0,January,71.05833875868055
397,2023.0,February,69.93077799479167
398,2023.0,March,72.01880425347223
399,2023.0,April,73.096923828125
400,2023.0,May,80.70608181423611
401,2023.0,June,82.63483072916667
402,2023.0,July,76.48768717447916
