Year,Month,Day,RF_in
2026,3,1,5.327351264567954e-05
2026,3,2,1.6527365658823714e-06
2026,3,3,0.0005059433108552
2026,3,4,3.600463921536832e-05
2026,3,5,0.0053797234503418
2026,3,6,0.0018905033531719
2026,3,7,0.00032490893403167595
