,Month,NDVI
292,August,0.3443653907304929
293,September,0.3104878178349248
294,October,0.2960631288128135
295,November,0.285295933852961
296,December,0.2824185453815224
297,January,0.2719096666500892
298,February,0.3018614686565635
299,March,0.5575750374499663
300,April,0.4862192412953318
301,May,0.3754055823808835
302,June,0.4268401817039207
303,July,0.306467103369442
