,Month,NDVI
292,August,0.3098750173309703
293,September,0.2953648037380642
294,October,0.2989897551359953
295,November,0.3313828456548996
296,December,0.2838914659288194
297,January,0.2478039352982132
298,February,0.5163751767005449
299,March,0.4894275429808063
300,April,0.3702476171799648
301,May,0.4416600922007619
302,June,0.3345943968973042
303,July,0.2891458111044801
