,Month,RF
1244,September,0.1068215505993608
1245,October,0.6751905730343821
1246,November,2.445679363593006
1247,December,1.682613532629168
1248,January,5.446155303720716
1249,February,0.4861654001827246
1250,March,0.0910565233606053
1251,April,1.0582825638548654
1252,May,1.1439102542195247
1253,June,0.0356558607562563
1254,July,0.291653293162031
1255,August,1.1891865092926752
