Year,Month,Day,RF_in
2024,7,1,4.348773235851513e-05
2024,7,2,0.0004248080743092704
