,Month,RF
1238,March,1.4336907227416884
1239,April,1.4566455661955018
1240,May,0.6684554648767863
1241,June,0.2160561762665409
1242,July,0.3108497308875887
1243,August,0.2515806901022681
1244,September,0.1068215505993608
1245,October,0.6751905730343821
1246,November,2.445679363593006
1247,December,1.682613532629168
1248,January,5.446155303720716
1249,February,0.4861654001827246
