Year,Month,Day,RF_in
2024,10,1,0.0028258423607307
2024,10,2,0.4211067117383439
