,Unnamed: 0.1,Month,NDVI
275,275.0,January,0.4325296296296295
276,276.0,February,0.4456481481481481
277,277.0,March,0.4085703703703705
278,278.0,April,0.4027796296296297
279,279.0,May,0.3416666666666667
280,280.0,June,0.4163839506172839
281,281.0,July,0.3685987654320988
282,282.0,August,0.3372981481481481
283,283.0,September,0.2696543209876543
284,,October,0.2775271604938272
285,,November,0.2646481481481482
286,,December,0.3417777777777778
