,Month,RF
1253,June,1.0153214558575143
1254,July,0.1857250944523048
1255,August,2.6534134405074368
1256,September,0.598771080535506
1257,October,1.0998348852769273
1258,November,0.7726024332136435
1259,December,0.0797911627572839
1260,January,3.609207018339288
1261,February,0.4528928741695374
1262,March,1.1557881097653593
1263,April,2.603826336486585
1264,May,1.347060316190945
