Month,RF
October,0.4840359335983067
November,0.9479680603211276
December,1.5582698430057351
January,1.6323673652121609
February,0.4219374828648264
March,0.1698857238182141
April,0.8838583626482455
May,2.632541042775469
June,1.0153214558575143
July,0.1857250944523048
August,2.6534134405074368
September,0.598771080535506
