,Month,RF
1244,September,0.4959581400523719
1245,October,0.4840359335983067
1246,November,0.9479680603211276
1247,December,1.5582698430057351
1248,January,1.6323673652121609
1249,February,0.4219374828648264
1250,March,0.1698857238182141
1251,April,0.8838583626482455
1252,May,2.632541042775469
1253,June,1.0153214558575143
1254,July,0.1857250944523048
1255,August,2.6534134405074368
