Year,Month,Temp
2023.0,September,72.87689344618056
2023.0,October,72.61200086805556
2023.0,November,70.7095947265625
2023.0,December,68.28751085069445
2024.0,January,68.11973198784722
2024.0,February,66.25949435763889
2024.0,March,67.59846733940972
2024.0,April,68.8011013454861
2024.0,May,70.27158745659722
2024.0,June,71.08155381944445
2024.0,July,71.99832628038195
2024.0,August,72.76620279947917
