Year,Month,Day,RF_in
2026,3,1,1.2504141312409412e-05
2026,3,2,0.0188457132648932
2026,3,3,0.0
2026,3,4,0.017634308626715
2026,3,5,0.0451183087324927
2026,3,6,0.0121401303523922
2026,3,7,0.0007365042977654
2026,3,8,0.04525352708681733
