,Month,NDVI
276,February,0.4456481481481481
277,March,0.4085703703703705
278,April,0.4027796296296297
279,May,0.3416666666666667
280,June,0.4163839506172839
281,July,0.3685987654320988
282,August,0.3372981481481481
283,September,0.2696543209876543
284,October,0.2775271604938272
285,November,0.2646481481481482
286,December,0.3417777777777778
287,January,0.3768234567901234
