,Month,NDVI
292,August,0.2710949697612244
293,September,0.2869880111129195
294,October,0.3937990400526259
295,November,0.3583144906126422
296,December,0.3712600896387924
297,January,0.2990148096908758
298,February,0.2784142435332875
299,March,0.3222377447434413
300,April,0.3500701998486931
301,May,0.2877965150056062
302,June,0.349678392763491
303,July,0.3233680960572796
