Year,Month,Day,RF_in
2025,6,1,0.0456280067245826
2025,6,2,0.0589669057854042
2025,6,11,0.0004501774786883
2025,6,12,0.0008351985689988
2025,6,14,0.0059405353079271
2025,6,16,0.0030115376851921
2025,6,19,0.0191393452018855
2025,6,20,0.05985994247209577
