,Month,ET
268,May,3.7814453125
269,June,4.03359375
270,July,4.164453125
271,August,4.11953125
272,September,3.8752604166666673
273,October,3.5986979166666666
274,November,3.041015625
275,December,2.4322265625000004
276,January,2.9003906250000004
277,February,2.6539062500000004
278,March,3.3904296875
279,April,3.6869791666666663
