,Month,NDVI
292,August,0.4341080277054398
293,September,0.6028126375174817
294,October,0.7069856149178965
295,November,0.6453147228853202
296,December,0.7225480256257234
297,January,0.6526191617235725
298,February,0.6682104416835455
299,March,0.6595236224892699
300,April,0.5861679830668886
301,May,0.343847981205693
302,June,0.536984102225598
303,July,0.4127774179717641
