,Year,Month,Temp
391,2022.0,August,73.13763563368056
392,2022.0,September,73.58704427083333
393,2022.0,October,73.36128472222222
394,2022.0,November,71.26884223090278
395,2022.0,December,69.57978515625001
396,2023.0,January,68.46695963541667
397,2023.0,February,67.71023763020834
398,2023.0,March,69.2850802951389
399,2023.0,April,69.29223904079862
400,2023.0,May,76.821826171875
401,2023.0,June,78.0709201388889
402,2023.0,July,72.67030436197916
