,Month,ET
265,February,2.5517578125
266,March,3.4396484375
267,April,3.8552083333333336
268,May,3.7814453125
269,June,4.03359375
270,July,4.164453125
271,August,4.11953125
272,September,3.8752604166666673
273,October,3.5986979166666666
274,November,3.041015625
275,December,2.4322265625000004
276,January,2.8984375
