Year,Month,Day,RF_in
2024,7,1,0.1675816422198527
2024,7,2,0.2837798054716359
2024,7,3,0.1344145052377621
2024,7,4,0.0320565657654134
2024,7,5,0.0136372683126353
2024,7,6,0.0155696051222967
2024,7,7,0.2407504653077762
2024,7,8,0.03736532868965381
