Year,Month,Day,RF_in
2025,7,1,0.1732169813510453
2025,7,2,0.3947809915958856
2025,7,3,0.1627405403399011
2025,7,4,0.0358689156961797
2025,7,9,0.2098553853050269
2025,7,10,0.114019436009762
2025,7,11,0.0068251259463445
2025,7,12,0.0182494012123064
2025,7,13,0.1682566956758986
2025,7,16,0.1259217364709023
