,Month,NDVI
276,February,0.6691604938271605
277,March,0.6686864197530864
278,April,0.6708716049382716
279,May,0.5096382716049384
280,June,0.5250074074074075
281,July,0.7118456790123457
282,August,0.7212296296296297
283,September,0.7740148148148147
284,October,0.7538765432098765
285,November,0.7618746913580247
286,December,0.743775925925926
287,January,0.7181000000000001
