Year,Month,Day,RF_in
2025,5,1,0.1522079116229449
2025,5,2,0.0848333344487809
2025,5,3,0.0006550072441646
2025,5,4,0.0452178720715466
2025,5,5,0.3262258199441649
2025,5,6,0.2631247123569189
