,Month,Temp
398,March,70.33796115451389
399,April,71.25777452256945
400,May,78.75821940104167
401,June,80.71552191840277
402,July,74.85234917534723
403,August,76.02414279513889
404,September,75.52783474392362
405,October,74.03136935763888
406,November,72.94693467881945
407,December,70.31570366753473
408,January,69.67557779947916
409,February,67.51228569878472
