Year,Month,Day,RF_in
2025,6,1,0.0369498800858239
2025,6,2,0.0004441249448216
2025,6,11,0.0061667365282469
2025,6,12,0.0016279783542781
2025,6,14,4.0027123446875695e-05
2025,6,16,0.0019599944773181
2025,6,19,0.0142175105775284
2025,6,20,0.0022023466037361
2025,6,23,0.0042643416805124
2025,6,24,0.0012793743287067
2025,6,26,0.0004192389192207
2025,6,30,0.008537974431306845
