Year,Month,Day,RF_in
2026,2,1,0.1035333609133683
2026,2,2,0.09239551287948
2026,2,3,0.1642133909863101
2026,2,4,0.0
2026,2,5,0.0
2026,2,6,0.3624741287357527
2026,2,7,0.3999131778313952
2026,2,8,0.1749597792144742
2026,2,9,0.16399469205957
