,Month,NDVI
292,August,0.3044876051537784
293,September,0.2330352641918041
294,October,0.2924736635184582
295,November,0.3747833157763069
296,December,0.3405965404745973
297,January,0.2878227704836998
298,February,0.5880207956573109
299,March,0.6927302325213397
300,April,0.515509334611304
301,May,0.4061060775945216
302,June,0.3889089513708044
303,July,0.3188823417381004
