,Month,Temp
414,July,74.64285753038195
415,August,75.65992024739583
416,September,75.303955078125
417,October,74.77109917534722
418,November,72.52261827256945
419,December,71.75151638454861
420,January,69.79222276475694
421,February,69.85041232638889
422,March,70.77733289930555
423,April,72.06544596354166
424,May,72.78177625868057
425,June,74.32866753472223
