Year,Month,Day,RF_in
2025,5,1,0.0147242836717197
2025,5,2,0.0005609291895631
2025,5,3,0.0038499135462109
2025,5,4,0.0074107456661538
2025,5,5,0.0
2025,5,6,0.006461814226973935
