,Month,ET
269,June,2.375625
270,July,2.2935
271,August,1.5775000000000003
272,September,1.3286666666666669
273,October,1.6441666666666666
274,November,1.6217500000000005
275,December,1.812375
276,January,2.484625
277,February,2.49725
278,March,2.3222499999999995
279,April,2.3950000000000005
280,May,3.0723333333333334
