,Month,NDVI
294,October,0.2997768072434413
295,November,0.3771623682092737
296,December,0.3183133867051866
297,January,0.4743547321837625
298,February,0.7007990236635562
299,March,0.5520542286060475
300,April,0.3770097332236207
301,May,0.3904853867895809
302,June,0.3420353171266155
303,July,0.3083022553243755
304,August,0.2517440701708381
305,September,0.2687587502561969
