Year,Month,Day,RF_in
2025,8,1,0.0001204882008672
2025,8,2,4.1693947319156105e-05
2025,8,3,0.0002101846086372
2025,8,4,0.0001062911981232
2025,8,5,5.436019869301263e-05
2025,8,6,0.027641831490068
2025,8,7,0.0015512180940233
2025,8,8,0.0006235761800984
2025,8,9,0.0191796540959045
2025,8,10,0.0017199682473232
2025,8,12,0.006484246478781149
