Month,Temp
October,74.03136935763888
November,72.94693467881945
December,70.31570366753473
January,69.67557779947916
February,67.51228569878472
March,69.33594292534723
April,70.60068088107639
May,72.42593044704861
June,73.84351128472223
July,74.64285753038195
August,75.65992024739583
September,75.303955078125
