,Month,RF
1254,July,0.3901229892514521
1255,August,1.1090024405043988
1256,September,1.1416246546384394
1257,October,0.9351771397227692
1258,November,0.6100383471895657
1259,December,0.180152172920388
1260,January,4.389665999866336
1261,February,0.7004905857172584
1262,March,1.469129560709208
1263,April,1.9228073717890304
1264,May,0.3882308222756877
1265,June,0.2443490001032857
