,Year,Month,Temp
391,2022.0,August,75.59887966579862
392,2022.0,September,75.79625379774305
393,2022.0,October,75.1425537109375
394,2022.0,November,72.92423231336807
395,2022.0,December,71.029736328125
396,2023.0,January,69.57332628038195
397,2023.0,February,68.82641059027779
398,2023.0,March,70.33796115451389
399,2023.0,April,71.25777452256945
400,2023.0,May,78.75821940104167
401,2023.0,June,80.71552191840277
402,2023.0,July,74.85234917534723
