Year,Month,Day,RF_in
2026,3,1,0.0001514008386589
2026,3,2,0.0010657431004612
2026,3,3,0.0198135587347947
2026,3,4,0.0002565476154347
2026,3,5,0.0001067185545032
2026,3,6,0.0005560700812515
2026,3,7,0.0004321221442198
2026,3,8,0.00020771478498782782
