,Year,Month,Temp
391,2022.0,August,75.2181396484375
392,2022.0,September,75.40324164496528
393,2022.0,October,74.78017306857639
394,2022.0,November,72.54995388454861
395,2022.0,December,70.70818413628473
396,2023.0,January,69.27470974392361
397,2023.0,February,68.60433485243055
398,2023.0,March,69.99996202256943
399,2023.0,April,70.88794216579862
400,2023.0,May,78.36652560763889
401,2023.0,June,80.32957899305555
402,2023.0,July,74.52349989149306
