Year,Month,Day,RF_in
2026,2,1,2.654919767383093e-07
2026,2,2,0.1414851524907042
2026,2,3,0.2844943445857787
2026,2,4,0.0
2026,2,5,0.0
2026,2,6,0.4381981871271082
2026,2,7,0.2663052213010049
2026,2,8,0.4547130710427147
2026,2,9,0.7702731650459925
