Year,Month,Day,RF_in
2025,6,1,0.025804693385766
2025,6,2,0.0007767726905239
2025,6,11,0.002360310790443
2025,6,12,0.0
2025,6,14,0.0
2025,6,16,0.0
2025,6,19,0.0
2025,6,20,0.0007171964371900835
