,Month,NDVI
293,September,0.3239667680528428
294,October,0.3152752864507981
295,November,0.320095674491223
296,December,0.3050976741461106
297,January,0.3104758556978202
298,February,0.6593062318401572
299,March,0.492062227225598
300,April,0.3796791735990548
301,May,0.3403896520167221
302,June,0.309027353922526
303,July,0.2929225026825328
304,August,0.2843805477942949
