Month,RF
October,0.0503193167494281
November,1.3501143879638742
December,0.7254728145011604
January,9.138771933022262
February,0.1426748099799428
March,0.0211738541184888
April,0.2440133720094613
May,1.0024261697105572
June,0.0137577796684614
July,0.1334934154891337
August,0.5998670077942732
September,0.1395862661298468
