,Month,RF
1234,November,0.561259349349452
1235,December,2.694594578943691
1236,January,1.791858689782918
1237,February,1.791858689782918
1238,March,2.260512690091256
1239,April,0.5247130736533367
1240,May,0.4082454230100035
1241,June,0.133413242693486
1242,July,0.1220822086299
1243,August,0.0518353353659636
1244,September,0.0895418953452894
1245,October,0.0503193167494281
