Year,Month,Day,RF_in
2026,3,1,0.0
2026,3,2,0.0001925809733128
2026,3,3,0.0
2026,3,4,0.0
2026,3,5,0.0
2026,3,6,0.000484410169649
2026,3,7,0.0
