Year,Month,Day,RF_in
2025,3,1,0.0
2025,3,2,9.925925458318884e-07
2025,3,3,0.0
2025,3,4,0.0
2025,3,5,0.0
2025,3,6,0.0
2025,3,7,2.128273158862824e-05
2025,3,8,0.0
2025,3,9,0.0
2025,3,10,0.0079010475524326
2025,3,11,2.891306368929427e-05
