Year,Month,Day,RF_in
2026,3,1,0.003576537801884
2026,3,2,0.0507690557251985
2026,3,3,0.0135733062189383
2026,3,4,0.0057342141226427
2026,3,5,0.0037910927369896
2026,3,6,0.0067246971897982
2026,3,7,0.0009874362598833
2026,3,8,0.06483830596309739
