,Month,Temp
410,March,59.76966688368056
411,April,61.64708116319444
412,May,63.230712890625
413,June,64.30105523003472
414,July,64.95273166232639
415,August,66.04710286458334
416,September,65.05597330729168
417,October,64.18400065104166
418,November,62.56174045138889
419,December,62.43023817274306
420,January,60.22740342881944
421,February,60.63354763454861
