Year,Month,Day,RF_in
2024,11,1,0.3230309525789528
2024,11,2,0.0637574268636613
2024,11,3,0.049892120346495
2024,11,4,3.5450723417602314
2024,11,5,0.06572227592983712
