,Month,Temp
398,March,61.80570746527778
399,April,61.496929253472224
400,May,69.24235026041666
401,June,70.72363823784721
402,July,66.0101291232639
403,August,65.69906684027777
404,September,65.26056315104167
405,October,65.41805013020834
406,November,63.37908799913195
407,December,61.34872504340278
408,January,61.74824490017362
409,February,58.08563910590278
