Year,Month,Day,RF_in
2024,9,1,0.0234412590732168
2024,9,2,0.0004544341090215
2024,9,3,0.0019710393275048
2024,9,4,0.0271123943771995
2024,9,5,0.0062622444106107
2024,9,6,0.0350007170014053
2024,9,7,0.0325269857625218
2024,9,8,0.0060375788775711
2024,9,9,0.0025432543468577
2024,9,10,0.0780938653657604
2024,9,11,0.1672071959565167
2024,9,12,0.0222256492569505
2024,9,13,0.0374638351717808
2024,9,14,
2024,9,15,
