Year,Month,Day,RF_in
2024,10,1,0.1981208766411794
2024,10,2,0.01026401462297207
