Year,Month,Temp
2023.0,September,65.26056315104167
2023.0,October,65.41805013020834
2023.0,November,63.37908799913195
2023.0,December,61.34872504340278
2024.0,January,61.74824490017362
2024.0,February,58.08563910590278
2024.0,March,59.76966688368056
2024.0,April,61.64708116319444
2024.0,May,63.230712890625
2024.0,June,64.30105523003472
2024.0,July,64.95273166232639
2024.0,August,66.04710286458334
