,Month,ET
265,February,2.725625
266,March,3.124375
267,April,3.855833333333334
268,May,4.0295000000000005
269,June,4.306875000000002
270,July,4.154625000000001
271,August,3.872625
272,September,3.578666666666667
273,October,3.080333333333334
274,November,2.562125
275,December,2.1006250000000004
276,January,2.4647500000000004
