Year,Month,Day,RF_in
2026,2,1,0.0124271856726832
2026,2,2,0.0
2026,2,3,0.050297497289225
2026,2,4,0.0011155726298468
2026,2,5,0.0032823088334347
2026,2,6,0.0132515173884514
2026,2,7,1.837882413407092
2026,2,8,6.078972930033051
2026,2,9,2.107659109343103
