,Month,Temp
396,January,61.57518717447917
397,February,59.88587782118056
398,March,61.80570746527778
399,April,61.496929253472224
400,May,69.24235026041666
401,June,70.72363823784721
402,July,66.0101291232639
403,August,65.69906684027777
404,September,65.26056315104167
405,October,65.41805013020834
406,November,63.37908799913195
407,December,61.34872504340278
