Year,Month,Day,RF_in
2025,6,1,0.0282544358265438
2025,6,2,0.0085719217882798
2025,6,11,0.0019774245047715
2025,6,12,0.0104400146757303
2025,6,14,0.0550012151852193
2025,6,16,0.0016152037120576
2025,6,19,0.0122646169735713
2025,6,20,0.0008049888004537
2025,6,23,0.1196716255194663
2025,6,24,0.0026301500041016
2025,6,26,0.0039016228207951
2025,6,30,0.047333210147573246
