,Month,RF
1246,November,7.596449193308302
1247,December,5.756590539029844
1248,January,1.6275296452743755
1249,February,2.882291419844221
1250,March,1.862227294423484
1251,April,4.77400746998639
1252,May,3.699502026222417
1253,June,1.49030419727265
1254,July,1.8461032621573343
1255,August,15.174503469184408
1256,September,3.038564203454603
1257,October,3.120706713418635
