Year,Month,Day,RF_in
2025,5,1,0.0079102329370219
2025,5,2,0.0011749565166785
2025,5,3,0.0021797066888135
2025,5,4,0.0251475508734286
2025,5,5,0.0291603476263939
2025,5,6,0.0036859512329101562
