,Month,NDVI
294,October,0.5074300883728781
295,November,0.4806278370044849
296,December,0.2920092359001254
297,January,0.5290090772840712
298,February,0.6395700713734568
299,March,0.5930822866934317
300,April,0.4832385027850115
301,May,0.4039204444414304
302,June,0.2508180641833646
303,July,0.3310726307056568
304,August,0.2990842042145906
305,September,0.3302929960651162
