,Month,Temp
397,February,71.46940104166667
398,March,72.70421549479167
399,April,72.76483289930556
400,May,78.98355034722222
401,June,81.13196614583333
402,July,76.50826822916667
403,August,77.73638780381944
404,September,77.53401692708334
405,October,76.2932861328125
406,November,74.691455078125
407,December,71.67440863715278
408,January,71.079248046875
