,Month,RF
1250,March,0.2562486899424031
1251,April,3.2170552791144167
1252,May,5.650901167735977
1253,June,0.2461725047532307
1254,July,0.4664638960942057
1255,August,0.5058715618582617
1256,September,0.2367754966162541
1257,October,0.4270764033185088
1258,November,0.6502915874936206
1259,December,0.7047947301129459
1260,January,5.267296367684942
1261,February,1.4026300165712793
