Year,Month,Temp
2023.0,September,77.53401692708334
2023.0,October,76.2932861328125
2023.0,November,74.691455078125
2023.0,December,71.67440863715278
2024.0,January,71.079248046875
2024.0,February,70.02666558159723
2024.0,March,71.13279079861111
2024.0,April,72.30680338541666
2024.0,May,73.59124891493056
2024.0,June,75.48853624131945
2024.0,July,76.39580078125
2024.0,August,77.45187445746528
