Year,Month,Day,RF_in
2026,2,1,0.0124395416280531
2026,2,2,0.3096233318599932
2026,2,3,0.4189516135922463
2026,2,4,0.0
2026,2,5,7.770956648998757e-06
2026,2,6,0.4602253697779965
2026,2,7,0.1836593507781742
2026,2,8,0.3508616963176369
2026,2,9,0.28827301230087127
