,Month,RF
1261,February,0.5221937047365608
1262,March,0.5565067712890056
1263,April,4.383127103686692
1264,May,0.4453912221204554
1265,June,0.3162640422985321
1266,July,0.6279419336905804
1267,August,0.7419269124562555
1268,September,0.7621929932233948
1269,October,1.0048765944729998
1270,November,1.5925881308022265
1271,December,1.014978277726135
1272,January,1.9480004676336031
