,Month,NDVI
292,August,0.5761287359543789
293,September,0.6516010143138744
294,October,0.7257667353123795
295,November,0.6407749976640866
296,December,0.7490969528386622
297,January,0.7128944867922936
298,February,0.6692456374933691
299,March,0.6774993237153983
300,April,0.6260539396309558
301,May,0.5834421228479456
302,June,0.4344676924340518
303,July,0.5089734866295332
