,Month,NDVI
276,February,0.6775631944444445
277,March,0.6909097222222222
278,April,0.6381666666666667
279,May,0.70705625
280,June,0.6571125000000001
281,July,0.5994701388888889
282,August,0.7201645833333333
283,September,0.6427527777777777
284,October,0.6859902777777778
285,November,0.6317013888888889
286,December,0.7042805555555556
287,January,0.7642888888888889
