,Month,RF
1237,February,7.22655015887771
1238,March,7.030841793647323
1239,April,2.1782230359768397
1240,May,2.273178953488019
1241,June,0.928785150364234
1242,July,4.931637777048703
1243,August,2.817127208871027
1244,September,1.3810633120458469
1245,October,0.808431559173593
1246,November,5.896606267315544
1247,December,4.702645405001459
1248,January,2.3753978587962963
