Year,Month,Day,RF_in
2025,7,1,0.0327979675868492
2025,7,2,0.1491383392817542
2025,7,3,0.0406152898210518
2025,7,4,0.047912549448741
2025,7,9,0.0054759706690207
2025,7,10,0.0
2025,7,11,0.0281725145816293
2025,7,12,0.1937535729922323
2025,7,13,6.136770259769663e-05
2025,7,16,0.1150055243135298
2025,7,17,0.1357704563832461
2025,7,18,0.0298586667679113
2025,7,19,0.0710792055720546
2025,7,20,0.01828817488257897
