Month,RF
October,0.808431559173593
November,5.896606267315544
December,4.702645405001459
January,2.3753978587962963
February,2.3278062193180715
March,0.7347428959753513
April,4.347235322798192
May,2.6881221349609943
June,2.787489529032395
July,3.281653222437907
August,13.090931857259164
September,2.4460835353480124
