Year,Month,Day,RF_in
2024,10,1,0.4142863133726123
2024,10,2,0.013792596614730477
