,Month,ET
269,June,3.648437500000001
270,July,3.2046875
271,August,2.3646875000000005
272,September,1.9510416666666668
273,October,2.0239583333333337
274,November,2.02171875
275,December,1.8178125
276,January,2.59203125
277,February,2.72140625
278,March,2.61421875
279,April,3.0291666666666672
280,May,3.4560416666666662
