Month,RF
October,0.6744744319476342
November,3.0594705392728687
December,1.390493828109811
January,7.543508151975796
February,0.4802840544251088
March,0.1263648895592966
April,1.4961168658713668
May,1.5517596636683435
June,0.0563255533296442
July,0.5709565641859872
August,2.346195440847672
September,0.4822973483295057
