Year,Month,Day,RF_in
2025,6,1,0.0228734728869815
2025,6,2,0.0009379320732414
2025,6,11,0.0113049695613931
2025,6,12,0.0013010812660944
2025,6,14,0.0006349191983633
2025,6,16,0.0102835609137148
2025,6,19,0.0046412196418478
2025,6,20,0.0018263674343224
2025,6,23,0.0017476788737097
2025,6,24,0.0010896130021626
2025,6,26,0.0004758291751149
2025,6,30,0.016474352525392335
