,Month,Temp
410,March,69.47221137152778
411,April,70.73839518229167
412,May,72.55652398003473
413,June,73.96750217013889
414,July,74.77042100694445
415,August,75.78171657986111
416,September,75.44818250868056
417,October,74.91685655381944
418,November,72.65545247395833
419,December,71.87164442274306
420,January,69.92860785590278
421,February,69.97291666666666
