,Month,NDVI
275,January,0.6751092592592594
276,February,0.7633876543209877
277,March,0.6816907407407409
278,April,0.6752487654320989
279,May,0.7241209876543211
280,June,0.64695
281,July,0.5520117283950617
282,August,0.4761413580246914
283,September,0.4666716049382716
284,October,0.4163061728395061
285,November,0.4539327160493827
286,December,0.6677320987654322
