,Year,Month,Temp
391,2022.0,August,75.7461697048611
392,2022.0,September,75.948291015625
393,2022.0,October,75.2827392578125
394,2022.0,November,73.06902126736111
395,2022.0,December,71.15412868923612
396,2023.0,January,69.68884548611112
397,2023.0,February,68.91231553819443
398,2023.0,March,70.46871202256945
399,2023.0,April,71.40084092881943
400,2023.0,May,78.9097439236111
401,2023.0,June,80.86483289930555
402,2023.0,July,74.97956000434027
