,Month,NDVI
294,October,0.0569749996985918
295,November,0.4561605100278501
296,December,0.3913628613507306
297,January,0.5809004041883681
298,February,0.4013110502266589
299,March,0.3650022436071325
300,April,0.2879510573398919
301,May,0.4054191495165413
302,June,0.2097591588526596
303,July,0.4050493593569155
304,August,0.2340242597791883
305,September,0.2043184351038049
