,Month,RF
1234,November,1.6784282308678429
1235,December,3.1775503973461654
1236,January,4.584092787012735
1237,February,4.584092787012735
1238,March,3.976370120889837
1239,April,8.625485670627977
1240,May,2.434371572965272
1241,June,1.060367026875547
1242,July,0.7567992107947227
1243,August,0.5785829624351427
1244,September,0.8314752231085047
1245,October,0.5762034397935502
