Month,Temp
October,77.07754448784722
November,76.30937771267361
December,73.19156087239583
January,72.54856228298611
February,71.705322265625
March,72.82727322048612
April,73.97664388020834
May,75.06897786458333
June,77.02806803385417
July,78.04561631944445
August,79.06775716145833
September,79.25066189236111
