,Month,RF
1254,July,1.131524632690228
1255,August,1.7634417130692863
1256,September,0.4651832376611561
1257,October,1.2454746053878682
1258,November,2.166962473874793
1259,December,1.14931898839251
1260,January,16.009875935646935
1261,February,1.6529127232034364
1262,March,1.4566886414588802
1263,April,3.6211354250206576
1264,May,2.3403443249064355
1265,June,0.6488868355160032
