Year,Month,Day,RF_in
2025,7,1,0.0031926164453713
2025,7,2,0.1552333703851797
2025,7,3,0.0003875086441255
2025,7,4,0.0182355434076192
2025,7,9,0.0562364213538723
2025,7,10,0.0380412165064314
2025,7,11,0.0054518265871122
2025,7,12,0.0867737237665712
2025,7,13,0.0002189956752461
2025,7,16,0.0078504667507381
2025,7,17,0.0061875338965536
2025,7,18,0.0050703925526477
2025,7,19,0.0161359432291286
2025,7,20,0.00018991395951337156
