,Month,ET
268,May,4.82025
269,June,5.401500000000001
270,July,4.88275
271,August,4.6221250000000005
272,September,4.169666666666666
273,October,3.306166666666667
274,November,2.7597500000000004
275,December,2.48275
276,January,3.086125
277,February,3.2607500000000003
278,March,4.008500000000001
279,April,4.755333333333333
