Year,Month,Day,RF_in
2026,3,1,0.0148648484242
2026,3,2,0.0190927693317035
2026,3,3,0.0020676293293843
2026,3,4,0.0264656517078499
2026,3,5,0.0012721874698369
2026,3,6,0.001803807247203
2026,3,7,0.00046182932630739004
