Year,Month,Temp
2023.0,September,79.24156901041667
2023.0,October,77.07754448784722
2023.0,November,76.30937771267361
2023.0,December,73.19156087239583
2024.0,January,72.54856228298611
2024.0,February,71.705322265625
2024.0,March,72.82727322048612
2024.0,April,73.97664388020834
2024.0,May,75.06897786458333
2024.0,June,77.02806803385417
2024.0,July,78.04561631944445
2024.0,August,79.06775716145833
