,Month,NDVI
292,August,0.3329988879921995
293,September,0.459016446714048
294,October,0.3471869951413001
295,November,0.1957738193464868
296,December,0.2919356734664352
297,January,0.2898909957320602
298,February,0.5203537175684799
299,March,0.1968154671751422
300,April,0.3815838849103009
301,May,0.2996369821053964
302,June,0.3578492152838059
303,July,0.4151028762629002
