,Month,Temp
397,February,73.1831814236111
398,March,73.98146158854166
399,April,74.35763075086805
400,May,80.96558159722223
401,June,83.06369357638889
402,July,78.3431857638889
403,August,79.43975694444444
404,September,79.24156901041667
405,October,77.07754448784722
406,November,76.30937771267361
407,December,73.19156087239583
408,January,72.54856228298611
