Year,Month,Day,RF_in
2025,6,1,0.0718719224326288
2025,6,2,0.0379111526472941
2025,6,11,0.0053068717065816
2025,6,12,0.0543303520741819
2025,6,14,0.0149448979198729
2025,6,16,0.0748181725493948
2025,6,19,0.0019037129059238
2025,6,20,0.0014753040146106902
