Year,Month,Day,RF_in
2025,5,1,0.0080033392510794
2025,5,2,0.0092108715283948
2025,5,3,0.0021039578591791
2025,5,4,0.0252297354055074
2025,5,5,0.0129613081845943
2025,5,6,0.026460766062231723
