Year,Month,Day,RF_in
2024,9,1,0.0032018759953589
2024,9,2,3.585019556741575e-05
2024,9,3,0.0011451042485304
2024,9,4,0.0015904578474713
2024,9,5,1.405622496696873e-06
2024,9,6,3.0570038827611464e-06
2024,9,7,0.0010261531472727
2024,9,8,2.3315004454231265e-07
2024,9,9,4.988240844551903e-05
2024,9,10,2.2945374603856464e-05
2024,9,11,0.0
2024,9,12,4.015234998378715e-05
2024,9,13,0.0008874731229787
2024,9,14,
2024,9,15,
2024,9,16,0.001126997230049935
