Year,Month,Day,RF_in
2024,10,1,0.0202197885796061
2024,10,2,0.02681319447292396
