,Month,RF
1244,September,0.8314752231085047
1245,October,0.5762034397935502
1246,November,7.024897169971809
1247,December,3.30229066418781
1248,January,3.192990565306941
1249,February,0.927231592931309
1250,March,0.2553336075910433
1251,April,3.35785965258032
1252,May,15.785142200106932
1253,June,0.7298319006239672
1254,July,1.131524632690228
1255,August,1.7634417130692863
