,Month,RF
1246,November,1.315909780890019
1247,December,2.204527426150724
1248,January,2.0566983434796344
1249,February,0.5859106224596274
1250,March,0.1528132496045145
1251,April,0.9782741780622692
1252,May,3.549968207370346
1253,June,1.1578900164877397
1254,July,0.337075802400785
1255,August,3.052844543249368
1256,September,0.5911713224974483
1257,October,1.200682502035336
