,Month,tmean_f
421,February,65.30587293836805
422,March,65.81383192274305
423,April,66.96673990885417
424,May,67.22237141927084
425,June,68.63681369357639
426,July,69.834912109375
427,August,70.35806477864583
428,September,69.91466471354167
429,October,69.1574924045139
430,November,67.8040744357639
431,December,66.40918511284723
432,January,65.43017849392362
