Year,Month,Day,RF_in
2025,3,1,0.0041327004160583
2025,3,2,0.0145492097593737
2025,3,3,4.3604785491904056e-05
2025,3,4,0.0
2025,3,5,4.884431377101064e-05
2025,3,6,0.0398956444192305
2025,3,7,0.0016478592004977
2025,3,8,0.0
2025,3,9,0.0
2025,3,10,0.0436582442007642
2025,3,11,0.0033860268253991313
