Year,Month,Day,RF_in
2024,9,1,0.0041790746490635
2024,9,2,0.0082442711101186
2024,9,3,0.0043381102940101
2024,9,4,0.0036971444138936
2024,9,5,0.003518099639765
2024,9,6,0.0007144083976282
2024,9,7,0.0202269566653594
2024,9,8,0.0002349693231451
2024,9,9,1.7557756348255136e-05
2024,9,10,0.0
2024,9,11,0.0018578506459343
2024,9,12,0.0076978960108615
2024,9,13,0.0416753692345124
2024,9,14,
2024,9,15,
