,Month,NDVI
276,February,0.5533228395061729
277,March,0.453208024691358
278,April,0.5141993827160495
279,May,0.4350549382716049
280,June,0.4774932098765432
281,July,0.4738629629629629
282,August,0.4200154320987654
283,September,0.4153432098765431
284,October,0.4316814814814815
285,November,0.431587037037037
286,December,0.5820382716049384
287,January,0.6052283950617284
