Year,Month,Day,RF_in
2026,3,1,0.0001249579191092
2026,3,2,0.0148493506371412
2026,3,3,0.0
2026,3,4,0.0179994341536097
2026,3,5,0.058238290078649
2026,3,6,0.0137014677356072
2026,3,7,3.373854950865631e-05
2026,3,8,0.06608959489838889
