Year,Month,Day,RF_in
2025,5,1,0.0131028908571673
2025,5,2,0.0006696338195593
2025,5,3,0.0030676020910293
2025,5,4,0.0110247022291887
2025,5,5,0.0259906946424957
2025,5,6,0.017684807846471313
