Month,Temp
October,76.79792366027831
November,74.9749725341797
December,72.32496376037598
January,71.82709770202638
February,71.01558570861818
March,72.15379333496094
April,72.96379814147949
May,74.36844139099122
June,75.02691040039062
July,76.09793319702149
August,76.67582778930665
September,76.88946723937988
