,Month,RF
1250,March,0.21015550207904
1251,April,1.0515248306154266
1252,May,1.567426966869925
1253,June,0.4900087521770808
1254,July,0.9493203801432932
1255,August,3.2540881539892963
1256,September,1.0021238251933902
1257,October,0.9194915501151498
1258,November,3.092527014064038
1259,December,0.4898720463429849
1260,January,3.518842261607253
1261,February,0.3255687923881951
