,Month,RF
1246,November,2.857945359597995
1247,December,1.5445544025090736
1248,January,3.9892469991849167
1249,February,0.383033865080105
1250,March,0.21015550207904
1251,April,1.0515248306154266
1252,May,1.567426966869925
1253,June,0.4900087521770808
1254,July,0.9493203801432932
1255,August,3.2540881539892963
1256,September,1.0021238251933902
1257,October,0.9194915501151498
