Year,Month,Day,RF_in
2024,7,1,0.0121064308121448
2024,7,2,0.0200016151263019
2024,7,3,0.0051436121538868
2024,7,4,0.0016200678848375
2024,7,5,0.0007254908990672
2024,7,6,0.0064358150395821
2024,7,7,0.0004938049755227
2024,7,8,0.009594432364298603
