,Month,Temp
406,November,74.9749725341797
407,December,72.32496376037598
408,January,71.82709770202638
409,February,71.01558570861818
410,March,72.15379333496094
411,April,72.96379814147949
412,May,74.36844139099122
413,June,75.02691040039062
414,July,76.09793319702149
415,August,76.67582778930665
416,September,76.88946723937988
417,October,76.31214599609376
