,Month,RF
1234,November,0.916045181394562
1235,December,2.797214778389518
1236,January,7.027103694405144
1237,February,7.027103694405144
1238,March,2.9021093413585755
1239,April,1.789924591545045
1240,May,1.1684594942828803
1241,June,0.5251875449353316
1242,July,1.5440589424193376
1243,August,0.7604641050804318
1244,September,0.6786100883183517
1245,October,0.353305283493883
