,Month,RF
1239,April,1.789924591545045
1240,May,1.1684594942828803
1241,June,0.5251875449353316
1242,July,1.5440589424193376
1243,August,0.7604641050804318
1244,September,0.6786100883183517
1245,October,0.353305283493883
1246,November,2.857945359597995
1247,December,1.5445544025090736
1248,January,3.9892469991849167
1249,February,0.383033865080105
1250,March,0.21015550207904
