,Month,Temp
414,July,76.09793319702149
415,August,76.67582778930665
416,September,76.88946723937988
417,October,76.31214599609376
418,November,74.17698402404785
419,December,73.5111988067627
420,January,72.49982833862305
421,February,72.22946166992188
422,March,73.32734947204591
423,April,74.54720268249511
424,May,74.72834663391114
425,June,75.55118827819825
