Month,RF
October,1.0614886450283123
November,2.3208731192129632
December,1.7880969021124964
January,2.5469264055209244
February,0.9185599965558776
March,0.8226040328129557
April,1.8456214837294644
May,4.163577588825702
June,1.9957040078649024
July,1.884934722108304
August,5.3353291776028
September,2.6646338939620393
