,Month,Temp
406,November,62.20208333333333
407,December,60.23461642795139
408,January,60.725225151909726
409,February,56.77322591145834
410,March,58.51264919704862
411,April,60.49841037326389
412,May,62.100208875868056
413,June,63.21235894097222
414,July,63.82147352430556
415,August,64.96826714409723
416,September,63.854852973090274
417,October,62.95297309027778
