Year,Month,Temp
2023.0,September,64.03766818576389
2023.0,October,64.26296929253472
2023.0,November,62.20208333333333
2023.0,December,60.23461642795139
2024.0,January,60.725225151909726
2024.0,February,56.77322591145834
2024.0,March,58.51264919704862
2024.0,April,60.49841037326389
2024.0,May,62.100208875868056
2024.0,June,63.21235894097222
2024.0,July,63.82147352430556
2024.0,August,64.96826714409723
