,Month,ET
268,May,3.32890625
269,June,3.43140625
270,July,3.4893750000000003
271,August,3.3246875000000005
272,September,3.213125
273,October,2.763333333333334
274,November,2.275468750000001
275,December,1.88890625
276,January,2.28109375
277,February,2.26328125
278,March,2.94921875
279,April,3.0922916666666667
