,Month,Temp
399,April,60.26914333767361
400,May,68.04855143229167
401,June,69.56641981336806
402,July,64.96112738715277
403,August,64.4862060546875
404,September,64.03766818576389
405,October,64.26296929253472
406,November,62.20208333333333
407,December,60.23461642795139
408,January,60.725225151909726
409,February,56.77322591145834
410,March,58.51264919704862
