,Month,RF
1237,February,4.758254502041412
1238,March,2.8495456758226405
1239,April,4.132206455963838
1240,May,5.063931760049091
1241,June,2.650665642163653
1242,July,1.9325299215256515
1243,August,1.711475739062348
1244,September,1.0970162441446123
1245,October,1.0614886450283123
1246,November,2.3208731192129632
1247,December,1.7880969021124964
1248,January,2.5469264055209244
