,Month,ET
265,February,2.32265625
266,March,2.860625
267,April,3.202500000000001
268,May,3.32890625
269,June,3.43140625
270,July,3.4893750000000003
271,August,3.3246875000000005
272,September,3.213125
273,October,2.763333333333334
274,November,2.275468750000001
275,December,1.88890625
276,January,2.2228125
