Year,Month,Day,RF_in
2025,7,1,0.1137272614228478
2025,7,2,0.1223950827795017
2025,7,3,0.0497008959915844
2025,7,4,0.0423369987534517
2025,7,9,0.0558458774908182
2025,7,10,0.0427929564978761
2025,7,11,0.0205837552721511
2025,7,12,0.0318779495282273
2025,7,13,0.0162296011483366
2025,7,16,0.04019189439478567
