Year,Month,Day,RF_in
2026,3,1,5.542511857203728e-06
2026,3,2,0.0292894269398677
2026,3,3,0.003637404649033
2026,3,4,0.0027719058065265
2026,3,5,0.0499206332339018
2026,3,6,0.0425609560069368
2026,3,7,0.002080154938103101
