Year,Month,Day,RF_in
2025,5,1,0.0014739098210045
2025,5,2,0.0080153457020095
2025,5,3,0.0017809493555391
2025,5,4,0.0265700506308781
2025,5,5,0.0010419730902807
2025,5,6,0.0
