Year,Month,Day,RF_in
2025,7,1,0.0016822598934683
2025,7,2,0.1902204965773321
2025,7,3,0.0018410969142073
2025,7,4,0.002617470965715
2025,7,9,0.0
2025,7,10,0.0
2025,7,11,0.0315650420041963
2025,7,12,0.1691638571627114
2025,7,13,0.0065651326528545
2025,7,16,0.011366802181089262
