,Month,NDVI
292,August,0.403588565779321
293,September,0.3839343035662615
294,October,0.5732339929651331
295,November,0.540985154516903
296,December,0.5119748998571325
297,January,0.3755655877384138
298,February,0.3983155238775559
299,March,0.4883658326702353
300,April,0.374638522112811
301,May,0.4592611524793837
302,June,0.559212107717255
303,July,0.5627635437765239
