,Month,NDVI
276,February,0.5743561728395062
277,March,0.6023246913580248
278,April,0.6117530864197531
279,May,0.6930981481481482
280,June,0.6289456790123457
281,July,0.6122475308641976
282,August,0.511170987654321
283,September,0.4607135802469136
284,October,0.4922518518518518
285,November,0.4496327160493827
286,December,0.5065234567901236
287,January,0.5251506172839506
