,Month,RF
1238,March,3.6981986138451446
1239,April,4.112891650262467
1240,May,1.810458066385365
1241,June,1.4005054449031549
1242,July,0.2610583456934419
1243,August,0.7591163158370395
1244,September,0.9563522509447604
1245,October,0.3055206206863031
1246,November,2.31522681843589
1247,December,0.8240676424507266
1248,January,1.6453363420989475
1249,February,0.4171469617865692
