,Month,RF
1244,September,0.9563522509447604
1245,October,0.3055206206863031
1246,November,2.31522681843589
1247,December,0.8240676424507266
1248,January,1.6453363420989475
1249,February,0.4171469617865692
1250,March,0.0663239501407267
1251,April,0.9480073976484278
1252,May,0.929649978241652
1253,June,0.7698529735649364
1254,July,0.9834298005636666
1255,August,3.934734022233766
