Year,Month,Day,RF_in
2025,6,1,0.262222356787921
2025,6,2,0.0978276907348929
2025,6,11,0.0021178701290806
2025,6,12,0.0018832414018362
2025,6,14,0.0034977542168546
2025,6,16,0.0001865982881866
2025,6,19,0.0008749983870879
2025,6,20,0.011740646777630918
