,Month,ET
265,February,2.3717187500000003
266,March,2.7854687500000006
267,April,3.340416666666667
268,May,3.613281250000001
269,June,3.821718750000001
270,July,3.6734375
271,August,3.1412500000000003
272,September,2.955625
273,October,2.4225000000000003
274,November,2.05921875
275,December,1.71296875
276,January,1.7628124999999997
