,Month,tmean_f
421,February,70.52650553385416
422,March,71.7718994140625
423,April,72.84363064236112
424,May,73.68585340711806
425,June,75.17251790364583
426,July,76.02967664930556
427,August,76.71512586805555
428,September,76.73763020833334
429,October,75.81017795138888
430,November,73.58733181423611
431,December,72.46155598958333
432,January,70.74946289062501
