Year,Month,Day,RF_in
2025,6,1,0.0179625034934869
2025,6,2,0.0012916921584265
2025,6,11,0.0005802661948223
2025,6,12,0.0
2025,6,14,0.0
2025,6,16,1.2569677921580054e-05
2025,6,19,5.34059022274149e-05
2025,6,20,0.0010049842566735
2025,6,23,0.0
2025,6,24,0.0
2025,6,26,9.249707138363376e-05
2025,6,30,0.007810105940940326
