,Month,ET
269,June,4.0373046875
270,July,4.2166015625
271,August,3.72421875
272,September,3.4770833333333337
273,October,3.0289062500000004
274,November,2.5421875000000003
275,December,2.1287109375
276,January,2.6931640625
277,February,2.7632812500000004
278,March,3.4085937500000005
279,April,3.53515625
280,May,4.215885416666667
