,Month,RF
1236,January,1.3531382002542651
1237,February,1.3531382002542651
1238,March,2.687394958062968
1239,April,0.3263066898945574
1240,May,0.585560858440872
1241,June,0.535782941683071
1242,July,0.3148557897141112
1243,August,0.0470685731730772
1244,September,0.1608666477182973
1245,October,0.0808314363011074
1246,November,1.1840231735898463
1247,December,0.5981410899755153
