Year,Month,Day,RF_in
2025,3,1,0.0
2025,3,2,0.0
2025,3,3,0.0
2025,3,4,0.0
2025,3,5,0.0
2025,3,6,0.0
2025,3,7,7.338215672750799e-05
2025,3,8,0.0
2025,3,9,0.0
2025,3,10,0.0047103121269777
2025,3,11,0.0
