Year,Month,Day,RF_in
2025,7,1,0.0004008026759015
2025,7,2,0.0026311106777775
2025,7,3,0.0
2025,7,4,0.0
2025,7,9,0.0004994835046564
2025,7,10,8.834060779451757e-05
2025,7,11,0.0
2025,7,12,0.0017569238223845
2025,7,13,0.0
2025,7,16,0.0
2025,7,17,0.0032463325892823
2025,7,18,0.0036869652129661
2025,7,19,8.43164468745605e-05
2025,7,20,0.0
