,Month,tmean_f
421,February,61.81515842013889
422,March,62.00788845486112
423,April,63.148890516493054
424,May,63.449926757812506
425,June,65.16540798611112
426,July,66.47655978732638
427,August,67.04860297309028
428,September,66.27162814670139
429,October,65.47368977864583
430,November,64.18918728298611
431,December,62.808740234375
432,January,61.90680881076389
