,Month,ET
264,January,3.06075
265,February,3.1818750000000007
266,March,3.7555
267,April,4.367833333333334
268,May,4.478375
269,June,4.7478750000000005
270,July,4.799625000000001
271,August,4.47925
272,September,4.364333333333334
273,October,3.9131666666666662
274,November,3.149125
275,December,2.522125
