,Month,NDVI
292,August,0.3737977816734785
293,September,0.5575811598036025
294,October,0.6172905439211999
295,November,0.5198812131528501
296,December,0.7686489717459973
297,January,0.7443303708676938
298,February,0.6526443104685089
299,March,0.7135658264160156
300,April,0.6902457814157745
301,May,0.593004721182364
302,June,0.5367722216947579
303,July,0.3785419228636188
