Year,Month,Day,RF_in
2025,7,1,0.0613918065259949
2025,7,2,0.3147747121006033
2025,7,3,0.477495138784464
2025,7,4,0.1935064538848334
2025,7,9,0.0507306602984577
2025,7,10,0.0015679963930385
2025,7,11,0.1698464013239936
2025,7,12,0.3524454539007819
2025,7,13,0.0143991054825269
2025,7,16,0.3375277366723474
