,Year,Month,Temp
391,2022.0,August,66.70786946614584
392,2022.0,September,67.02418891059028
393,2022.0,October,67.03430989583333
394,2022.0,November,64.63217230902778
395,2022.0,December,63.3753662109375
396,2023.0,January,62.78048502604168
397,2023.0,February,61.2542724609375
398,2023.0,March,63.11376953125
399,2023.0,April,62.86024305555556
400,2023.0,May,70.5679172092014
401,2023.0,June,72.00859917534723
402,2023.0,July,67.17491861979167
