Year,Month,Day,RF_in
2025,3,1,0.0027048646899624
2025,3,2,0.0149186174109573
2025,3,3,0.1062362001926544
2025,3,4,0.0448963242786044
2025,3,5,0.0023090390917093
2025,3,6,0.0227602186153868
2025,3,7,0.1292058841426831
2025,3,8,0.1510367064848231
2025,3,9,0.0290467874225309
2025,3,10,1.352804396629241
2025,3,11,0.3791022780477636
