Year,Month,Day,RF_in
2025,6,1,0.0062587938654511
2025,6,2,0.0001584345720548
2025,6,11,0.0002242914613115
2025,6,12,1.7382205166360828e-06
2025,6,14,0.0
2025,6,16,2.273754852731478e-05
2025,6,19,2.3288514508187768e-05
2025,6,20,0.0002693723772408
2025,6,23,0.0017234362908815
2025,6,24,0.00012879849894
2025,6,26,3.8081165350618e-05
2025,6,30,0.009291839747940171
