,Month,RF
1251,April,0.4831005299277912
1252,May,1.7263508260197946
1253,June,0.1037977234758903
1254,July,0.3194619652781575
1255,August,0.9647905526430508
1256,September,0.4530548810657566
1257,October,0.3093892955288684
1258,November,0.2158419569298629
1259,December,0.084401276503984
1260,January,6.360456841766307
1261,February,0.4440236418405057
1262,March,0.1812191015083889
