,Month,NDVI
279,May,0.7540209876543209
280,June,0.763895061728395
281,July,0.7333086419753088
282,August,0.646312962962963
283,September,0.5621567901234568
284,October,0.5808567901234568
285,November,0.565751851851852
286,December,0.6396376543209876
287,January,0.6493438271604939
288,February,0.6033043209876543
289,March,0.5382259259259259
290,April,0.5115444444444445
