,Month,Temp
414,July,73.75674370659722
415,August,74.76109212239584
416,September,74.23959147135417
417,October,73.69546169704861
418,November,71.54231770833334
419,December,70.86497124565972
420,January,68.78572319878472
421,February,68.94637044270834
422,March,69.68786349826388
423,April,70.96054416232639
424,May,71.64266764322917
425,June,73.2851806640625
