,Month,RF
1254,July,0.3194619652781575
1255,August,0.9647905526430508
1256,September,0.4530548810657566
1257,October,0.3093892955288684
1258,November,0.2158419569298629
1259,December,0.084401276503984
1260,January,6.360456841766307
1261,February,0.4440236418405057
1262,March,0.1812191015083889
1263,April,2.3803490221274424
1264,May,0.338013015707021
1265,June,0.1204995635277307
