Year,Month,Day,RF_in
2025,8,1,1.659420007193206e-05
2025,8,2,2.1329337552289777e-06
2025,8,3,4.78022247393532e-05
2025,8,4,1.1960303973465582e-05
2025,8,5,0.0
2025,8,6,0.0114775654223658
2025,8,7,8.440074760338618e-08
2025,8,8,0.0
2025,8,9,0.0003226257116833
2025,8,10,0.0010927921483175
2025,8,11,0.0002689514306632
2025,8,12,0.0
2025,8,13,0.0
2025,8,14,0.0060023591204821
2025,8,15,0.0
2025,8,16,2.155240213077853e-07
2025,8,17,5.473237101916056e-06
2025,8,17,5.473237101916056e-06
2025,8,18,0.0
