,Month,RF
1257,October,0.6183534156619095
1258,November,1.2996516724166804
1259,December,0.3003406274349983
1260,January,4.329774711388615
1261,February,0.5118167973983111
1262,March,0.7398308648003472
1263,April,0.569047235337038
1264,May,0.0978181326691768
1265,June,0.1590911651638027
1266,July,0.3610475127986931
1267,August,0.0831645638506765
1268,September,0.2576629091331235
