Year,Month,Day,RF_in
2025,7,1,0.0001252844460367
2025,7,2,0.0665504475591063
2025,7,3,0.0001755913137763
2025,7,4,0.0009644589503397
2025,7,9,0.0088441674373489
2025,7,10,0.1060689256990154
2025,7,11,0.0135212286667978
2025,7,12,0.0058783508661225
2025,7,13,0.000139491555989
2025,7,16,0.0003482333253270581
