,Month,RF
1233,October,0.7953095790699503
1234,November,0.9460670824960358
1235,December,3.377389181943078
1236,January,3.159996159537675
1237,February,3.159996159537675
1238,March,2.1037285805582897
1239,April,1.1839466645648786
1240,May,0.5712253173400933
1241,June,0.1284019256618496
1242,July,0.0981052612277988
1243,August,0.1902075139243459
1244,September,0.177952023003045
