Year,Month,Day,RF_in
2025,5,1,0.0002368758265532
2025,5,2,0.0009050434707865
2025,5,3,0.0005417368647724
2025,5,4,0.0015027061013516
2025,5,5,0.0064646060906891
2025,5,6,0.007705625899507618
