,Month,RF
1239,April,1.1839466645648786
1240,May,0.5712253173400933
1241,June,0.1284019256618496
1242,July,0.0981052612277988
1243,August,0.1902075139243459
1244,September,0.177952023003045
1245,October,0.1098888377192139
1246,November,1.5711102022586532
1247,December,1.255532145395888
1248,January,6.069231275289808
1249,February,0.30357120543953
1250,March,0.1316436841001869
