,Month,ET
268,May,2.5371710526315794
269,June,2.398190789473684
270,July,2.5702302631578946
271,August,1.7376644736842106
272,September,1.5467105263157896
273,October,1.5668859649122806
274,November,1.7391447368421051
275,December,1.4981907894736843
276,January,2.2526315789473683
277,February,2.183223684210527
278,March,2.461184210526316
279,April,2.628289473684211
