,Month,NDVI
294,October,0.2222051752938164
295,November,0.2856468624538845
296,December,0.2484239737192789
297,January,0.2726364400651719
298,February,0.5924411349826388
299,March,0.3477137618594699
300,April,0.235390371746487
301,May,0.2167986498938666
302,June,0.1735094653235541
303,July,0.2063125504387749
304,August,0.2064573632346259
305,September,0.2103157043457031
