,Year,Month,Temp
391,2022.0,August,79.41022677951389
392,2022.0,September,79.21377495659722
393,2022.0,October,78.30402560763889
394,2022.0,November,76.17827419704861
395,2022.0,December,74.45575358072917
396,2023.0,January,72.92124294704861
397,2023.0,February,73.34883626302084
398,2023.0,March,74.10491536458333
399,2023.0,April,74.51158854166667
400,2023.0,May,81.15716145833333
401,2023.0,June,83.25040690104166
402,2023.0,July,78.52054578993057
