Year,Month,Day,RF_in
2026,3,1,0.0420630058139501
2026,3,2,4.301086478091033e-05
2026,3,3,0.0122286792027193
2026,3,4,0.0028130242622221
2026,3,5,0.0133123858579685
2026,3,6,0.00414068756593
2026,3,7,0.0015965841411443
2026,3,8,0.0009862259732885427
