Month,RF
October,0.7108260383060843
November,4.558336390134393
December,2.2483142026951493
January,5.667175310768445
February,1.1677832059729514
March,0.5468166169983961
April,2.891719799944712
May,11.722852948502965
June,1.703092794417408
July,1.3327997933906266
August,1.0396649128982576
September,3.3884200686394235
