,Month,Temp
410,March,72.99106174045139
411,April,74.13805067274305
412,May,75.21180555555556
413,June,77.17687174479167
414,July,78.20508897569445
415,August,79.22393663194444
416,September,79.40463324652778
417,October,78.41890190972222
418,November,75.98011610243056
419,December,75.14545355902777
420,January,73.03094618055556
421,February,73.16101345486112
