Year,Month,Temp
2023.0,September,79.40662434895833
2023.0,October,77.15335286458333
2023.0,November,76.46575792100694
2023.0,December,73.33820800781251
2024.0,January,72.69058159722222
2024.0,February,71.86757541232639
2024.0,March,72.99106174045139
2024.0,April,74.13805067274305
2024.0,May,75.21180555555556
2024.0,June,77.17687174479167
2024.0,July,78.20508897569445
2024.0,August,79.22393663194444
