Year,Month,Day,RF_in
2025,5,1,0.0133946955441571
2025,5,2,0.004104418368454
2025,5,3,0.1215746354764736
2025,5,4,0.0425832872083887
2025,5,5,0.0719352670993843
2025,5,6,0.08767099900578021
