,Month,RF
1251,April,2.891719799944712
1252,May,11.722852948502965
1253,June,1.703092794417408
1254,July,1.3327997933906266
1255,August,1.0396649128982576
1256,September,3.3884200686394235
1257,October,2.109122956310149
1258,November,2.10796122950994
1259,December,1.648064204783647
1260,January,4.156945659570332
1261,February,1.4211096605545834
1262,March,4.527105281544668
