,Month,RF
1257,October,1.7417291697044817
1258,November,1.5114545075854235
1259,December,0.8066577008413228
1260,January,6.115088749756976
1261,February,1.122274605539759
1262,March,1.8149013450684115
1263,April,2.825045700125158
1264,May,1.5926611095542311
1265,June,0.687753479531964
1266,July,1.0877309735968337
1267,August,0.281302206507227
1268,September,0.8436969094412243
