Year,Month,Day,RF_in
2026,3,1,0.034546535518272
2026,3,2,0.0115322929968972
2026,3,3,0.1468174963033592
2026,3,4,0.0200821320378097
2026,3,5,0.0149263649138855
2026,3,6,0.0137439645088783
2026,3,7,0.0033054646614099
2026,3,8,0.008380310846230282
