,Year,Month,Temp
391,2022.0,August,78.431689453125
392,2022.0,September,78.36244574652778
393,2022.0,October,77.38077256944445
394,2022.0,November,75.18295084635417
395,2022.0,December,73.64265136718751
396,2023.0,January,72.24934895833334
397,2023.0,February,72.1008544921875
398,2023.0,March,73.17482367621528
399,2023.0,April,73.35171169704861
400,2023.0,May,79.71384006076389
401,2023.0,June,81.84371744791667
402,2023.0,July,77.18435601128473
