Month,RF
October,0.4461599613077336
November,2.898969022643871
December,1.6322116772078838
January,1.5985028509891126
February,0.9475316711170652
March,0.2188302884936692
April,1.7773508698782443
May,1.5921455117047
June,1.2398461043064062
July,1.530691943943205
August,6.215563996883203
September,1.041443102489793
