,Month,Temp
413,June,65.15999891493055
414,July,65.84525824652778
415,August,66.8982666015625
416,September,66.00361870659722
417,October,65.15524359809027
418,November,63.49190809461805
419,December,63.317621527777774
420,January,61.21019965277778
421,February,61.562169053819446
422,March,61.399169921875
423,April,62.636767578125
424,May,63.03347981770833
