Year,Month,Day,RF_in
2025,3,1,0.0039318257522175
2025,3,2,0.0096421238515517
2025,3,3,0.0105013624391345
2025,3,4,0.0153912725677594
2025,3,5,0.0003588511341918
2025,3,6,0.0074570183852699
2025,3,7,0.0123639976803318
2025,3,8,0.018545578876598
2025,3,9,0.0
2025,3,10,0.2825892431645371
2025,3,11,0.061982430092526145
