Year,Month,Day,RF_in
2024,7,1,0.0138923268259307
2024,7,2,0.0236994065753547
2024,7,3,0.0442898552747095
2024,7,4,0.024440919644888
2024,7,5,0.030185268932753
2024,7,6,0.0134579475041646
2024,7,7,0.0098942704458932
2024,7,8,0.050802711982982925
