Year,Month,Day,RF_in
2024,7,1,0.0138923268259307
2024,7,2,0.023699406575354708
