,Month,Temp
406,November,64.30770670572917
407,December,62.22772352430556
408,January,62.55537651909722
409,February,59.12109103732639
410,March,60.76140679253473
411,April,62.55334201388889
412,May,64.12263726128472
413,June,65.15999891493055
414,July,65.84525824652778
415,August,66.8982666015625
416,September,66.00361870659722
417,October,65.15524359809027
