Year,Month,Day,RF_in
2024,11,1,0.0505055905639968
2024,11,2,0.0204139628632372
2024,11,3,0.0272334156201395
2024,11,4,0.9976506300427724
2024,11,5,0.05037258233854395
