,Month,NDVI
292,August,0.2389443479938271
293,September,0.4709835287965374
294,October,0.673937291274836
295,November,0.6470478199146412
296,December,0.6584250367717979
297,January,0.4909337361653645
298,February,0.4144726976936246
299,March,0.5620989387418017
300,April,0.5751922513231819
301,May,0.4081313521773727
302,June,0.4959350868507667
303,July,0.3489159478081597
