,Month,RF
1234,November,2.37810720979756
1235,December,5.467214954250511
1236,January,16.570280602945466
1237,February,16.570280602945466
1238,March,5.053282320829688
1239,April,3.178730398500535
1240,May,3.4372671799814087
1241,June,1.4536596079244437
1242,July,3.51811766937336
1243,August,2.3157183273640274
1244,September,1.7143900238924128
1245,October,1.6206339245300505
