Year,Month,Day,RF_in
2024,11,1,0.3769741761066759
2024,11,2,0.1233188128163124
2024,11,3,0.00491672601901
2024,11,4,4.585928766282687
2024,11,5,0.5423965965842812
