,Month,RF
1239,April,3.178730398500535
1240,May,3.4372671799814087
1241,June,1.4536596079244437
1242,July,3.51811766937336
1243,August,2.3157183273640274
1244,September,1.7143900238924128
1245,October,1.6206339245300505
1246,November,6.862591001537135
1247,December,3.112568692585302
1248,January,6.780828218412803
1249,February,1.0899505956395208
1250,March,0.7736127439365219
