,Month,Temp
412,May,71.07252604166666
413,June,71.85287543402778
414,July,72.79981011284723
415,August,73.53053656684028
416,September,73.38765733506943
417,October,72.72314724392362
418,November,70.73976236979166
419,December,70.23208279079861
420,January,68.86812879774305
421,February,68.79796006944444
422,March,69.49023980034723
423,April,70.71580403645834
