,Month,NDVI
276,February,0.65755
277,March,0.6752123456790123
278,April,0.6520666666666668
279,May,0.7280808641975308
280,June,0.7432222222222223
281,July,0.6931037037037039
282,August,0.7040666666666667
283,September,0.6689049382716048
284,October,0.5958407407407409
285,November,0.6600351851851854
286,December,0.7241629629629632
287,January,0.757883950617284
