,Month,NDVI
292,August,0.6398356873312114
293,September,0.7429544425305025
294,October,0.7603435280882282
295,November,0.7286274285964024
296,December,0.7145889658986786
297,January,0.6386795985845872
298,February,0.5737516615125868
299,March,0.6221253194926698
300,April,0.5482281814386816
301,May,0.5308080602575231
302,June,0.5380332852587287
303,July,0.5844544304741753
