,Month,RF
1262,March,3.389417800910737
1263,April,2.230858159874113
1264,May,1.895186990786308
1265,June,1.9056648409400216
1266,July,1.6601505540974046
1267,August,1.785664633039577
1268,September,2.3503093064972784
1269,October,3.912918952622242
1270,November,4.855401443417663
1271,December,2.7565588793045834
1272,January,7.842695878292991
1273,February,2.000501144496695
