,Month,RF
1256,September,3.777843945179596
1257,October,4.057710220575727
1258,November,7.308123553240741
1259,December,0.8975984223488992
1260,January,4.346284581723292
1261,February,1.391150162219306
1262,March,3.389417800910737
1263,April,2.230858159874113
1264,May,1.895186990786308
1265,June,1.9056648409400216
1266,July,1.6601505540974046
1267,August,1.785664633039577
