,Month,tmean_f
421,February,68.77055664062499
422,March,69.59118381076388
423,April,70.7516330295139
424,May,70.96422254774305
425,June,72.08422309027777
426,July,73.1718967013889
427,August,73.6417209201389
428,September,73.52303602430555
429,October,72.81483832465278
430,November,71.39155544704862
431,December,69.98355577256945
432,January,68.93190104166666
