Year,Month,Day,RF_in
2025,3,1,3.878075364751512e-05
2025,3,2,0.0009817814959072
2025,3,3,0.0002773128260881
2025,3,4,0.0
2025,3,5,0.0
2025,3,6,0.0013154672674781
2025,3,7,0.0290903985309128
2025,3,8,3.197611093845592e-05
2025,3,9,0.0006733598196438
2025,3,10,0.4201374886461675
2025,3,11,0.017877597091287663
