Year,Month,Day,RF_in
2025,6,1,0.091550946988899
2025,6,2,0.0534373450536497
2025,6,11,0.078411827261691
2025,6,12,0.0182953355517924
2025,6,14,0.0529582551214708
2025,6,16,0.0
2025,6,19,0.0418336011119541
2025,6,20,0.0106964285616811
2025,6,23,0.1204023994393143
2025,6,24,0.0011563780843846
2025,6,26,0.067088387734899
2025,6,30,0.020098771044936115
