Year,Month,Day,RF_in
2024,10,1,0.1208408875241506
2024,10,2,0.03962494813168699
