Year,Month,Day,RF_in
2025,7,1,0.0073684449676546
2025,7,2,0.3861312888460557
2025,7,3,0.0498190118050429
2025,7,4,0.0857397023658311
2025,7,9,0.0826135195760577
2025,7,10,0.1829758276336335
2025,7,11,0.0568821906023682
2025,7,12,0.4631103444426218
2025,7,13,0.0102609126551848
2025,7,16,0.14640007860820242
