,Month,RF
1263,April,1.7976160606606033
1264,May,7.003101798690095
1265,June,8.568465888378537
1266,July,7.388727694845437
1267,August,3.7101163407091473
1268,September,7.363270807511909
1269,October,8.327527309954311
1270,November,14.02560574025469
1271,December,4.646554054875086
1272,January,11.430241141732283
1273,February,17.548453144745796
1274,March,16.045881634587346
