Year,Month,Day,RF_in
2026,2,1,0.0030367309757209
2026,2,2,0.0
2026,2,3,0.0128235839668719
2026,2,4,0.0012771675604546
2026,2,5,0.0212508841553802
2026,2,6,0.0015133461127582
2026,2,7,0.2620153759941249
2026,2,8,2.937618095047147
2026,2,9,2.543356735898464
