,Month,Temp
406,November,73.46522894965278
407,December,70.89589572482639
408,January,70.51486545138889
409,February,69.33215060763888
410,March,70.54142252604166
411,April,71.49039713541667
412,May,72.91834309895833
413,June,73.63043619791667
414,July,74.6563693576389
415,August,75.29199761284723
416,September,75.34878472222222
417,October,74.73310275607639
