Year,Month,Day,RF_in
2025,5,1,0.138883163320134
2025,5,2,0.0349931743803902
2025,5,3,0.0316936559297953
2025,5,4,0.01169802114198
2025,5,5,0.1588734229707018
2025,5,6,0.10095803420351536
