,Month,RF
1237,February,9.942583403203072
1238,March,3.474312855804049
1239,April,2.5765303846025325
1240,May,2.300868634638986
1241,June,1.1361550455064644
1242,July,3.1803641732283467
1243,August,2.1973603193806506
1244,September,1.7788142421867406
1245,October,0.8096565342255395
1246,November,4.1695169912571695
1247,December,2.453190835140833
1248,January,5.293523625844513
