,Month,NDVI
276,February,0.7575728395061728
277,March,0.8042222222222222
278,April,0.7775598765432099
279,May,0.786672839506173
280,June,0.7407339506172841
281,July,0.666212962962963
282,August,0.5225956790123457
283,September,0.4579407407407408
284,October,0.3454654320987654
285,November,0.4141722222222222
286,December,0.824677777777778
287,January,0.8101876543209876
