,Month,Temp
406,November,72.41444498697916
407,December,69.90125868055556
408,January,69.60154893663194
409,February,68.16047634548612
410,March,69.41920844184028
411,April,70.46490885416667
412,May,71.90907660590278
413,June,72.65848795572916
414,July,73.6369167751736
415,August,74.3288547092014
416,September,74.27646484375
417,October,73.63408474392361
