,Year,Month,Temp
391,2022.0,August,74.76696234809027
392,2022.0,September,75.25009765625
393,2022.0,October,74.96456976996528
394,2022.0,November,72.95059950086807
395,2022.0,December,71.15200466579861
396,2023.0,January,69.90792914496527
397,2023.0,February,69.34620225694445
398,2023.0,March,70.84891493055557
399,2023.0,April,70.92212727864583
400,2023.0,May,78.40658637152778
401,2023.0,June,79.60712890625001
402,2023.0,July,74.06284993489584
