Year,Month,Day,RF_in
2025,6,1,0.0364253267644387
2025,6,2,0.021226459635559
2025,6,11,0.014092921051859
2025,6,12,0.0076477138481833
2025,6,14,0.0282014854403711
2025,6,16,0.0002611330070729
2025,6,19,0.0200251934073392
2025,6,20,0.0043524840117497455
