,Month,RF
1253,June,1.0590826008402596
1254,July,1.6147322574532783
1255,August,9.677261615084571
1256,September,2.5940977348534555
1257,October,0.7127853694666205
1258,November,4.620114624343832
1259,December,0.6549496491703728
1260,January,4.552344775262467
1261,February,0.4518358095795209
1262,March,2.2047488543641247
1263,April,0.381168348049647
1264,May,1.2384153647731968
