,Month,Temp
397,February,69.34620225694445
398,March,70.84891493055557
399,April,70.92212727864583
400,May,78.40658637152778
401,June,79.60712890625001
402,July,74.06284993489584
403,August,75.00967339409723
404,September,74.64822048611111
405,October,74.28509385850694
406,November,72.41444498697916
407,December,69.90125868055556
408,January,69.60154893663194
