,Month,ET
269,June,4.223125
270,July,3.734625
271,August,3.3845
272,September,3.103166666666667
273,October,2.926
274,November,2.2807500000000003
275,December,2.4320000000000004
276,January,3.106875
277,February,2.632
278,March,3.0961250000000007
279,April,3.1688333333333336
280,May,3.809166666666667
