,Month,NDVI
292,August,0.5406083001030816
293,September,0.7503187391493056
294,October,0.77929037588614
295,November,0.6644684120460793
296,December,0.7116857928994261
297,January,0.4942751754949122
298,February,0.4823600863233024
299,March,0.5963320790985485
300,April,0.3527525442617911
301,May,0.3318371007471908
302,June,0.4290191273630401
303,July,0.5221109743471499
