Year,Month,Day,RF_in
2025,7,1,0.0183115443996082
2025,7,2,0.0223128677654442
2025,7,3,0.0025641928611882
2025,7,4,0.0023454957885831
2025,7,9,0.0033175197833826
2025,7,10,0.0012611398384477
2025,7,11,0.0048515346338348
2025,7,12,0.0705336671511981
2025,7,13,0.0011520117124385
2025,7,16,0.0072918260851904835
