Year,Month,Day,RF_in
2024,7,1,0.0311607923755217
2024,7,2,0.0430129051115789
2024,7,3,0.0101873962040416
2024,7,4,0.0038866509127642
2024,7,5,0.0005368147158722
2024,7,6,0.0176057085949651
2024,7,7,0.0085332232104731
2024,7,8,0.026769618593106365
