Year,Month,Day,RF_in
2025,8,1,0.0012210740678753
2025,8,2,0.0018596092929434
2025,8,3,0.0020839508158988
2025,8,4,0.0006107332825347
2025,8,5,5.016800679235309e-05
2025,8,6,0.2280727507735035
2025,8,7,0.1389724881259417
2025,8,8,0.0629528954551254
2025,8,9,0.1127241595766919
2025,8,10,0.0106733334566258
2025,8,12,0.021525177464745214
