Year,Month,Day,RF_in
2025,8,1,0.0294094432416596
2025,8,2,0.0181949230189271
2025,8,3,0.1298341837315908
2025,8,4,0.0299466120973091
2025,8,5,0.0111446814482814
2025,8,6,0.2017762072987675
2025,8,7,0.0263100656809954
2025,8,8,0.05310333005724
2025,8,9,0.0096854883599839
2025,8,10,0.0801608624351236
2025,8,12,0.058508144588921
2025,8,13,0.0427652520133117
2025,8,13,0.0427652520133117
2025,8,14,0.0401156709066016
2025,8,15,0.0173304270316667
2025,8,17,0.07716018233248731
