Year,Month,Day,RF_in
2025,6,1,0.1481700803397568
2025,6,2,0.0544215903472677
2025,6,11,0.0364344416918995
2025,6,12,0.0962344770634546
2025,6,14,0.2096758753747903
2025,6,16,0.0148163600138073
2025,6,19,0.0375969323957118
2025,6,20,0.005774983769199227
