,Month,Temp
415,August,69.30341796875001
416,September,68.681396484375
417,October,67.89969889322916
418,November,66.12030164930556
419,December,65.82511121961807
420,January,63.9873019748264
421,February,64.18618706597222
422,March,64.33334689670139
423,April,65.56659071180556
424,May,65.91148274739584
425,June,67.43340928819444
426,July,68.6752685546875
