Year,Month,Day,RF_in
2024,11,1,0.0963018414948023
2024,11,2,0.0551352691427894
2024,11,3,0.0407804413301622
2024,11,4,0.844001877559359
2024,11,5,0.03725650209234235
