,Month,NDVI
294,October,0.6681929223331404
295,November,0.7374590179066599
296,December,0.6525730556911893
297,January,0.646097395155165
298,February,0.6685738269193673
299,March,0.6025717935444396
300,April,0.5436729148582176
301,May,0.465436299641927
302,June,0.3351370493570964
303,July,0.3107086699685932
304,August,0.4929041921356578
305,September,0.4610883924696181
