Year,Month,Day,RF_in
2024,7,1,0.0484634018203914
2024,7,2,0.01743016465940686
