,Month,RF
1246,November,4.374283740248615
1247,December,4.019967271343687
1248,January,2.6637049871804224
1249,February,1.7948531919078692
1250,March,0.5056129322810343
1251,April,3.1341960347404494
1252,May,2.946665561661564
1253,June,2.3478218583679644
1254,July,2.8163350037517016
1255,August,8.856942469864878
1256,September,1.6516134640884734
1257,October,2.612401517844124
