Year,Month,Day,RF_in
2026,3,1,0.0054284371381321
2026,3,2,0.0639072706345463
2026,3,3,0.2077076888656875
2026,3,4,0.0323962914974983
2026,3,5,0.0795975243186561
2026,3,6,0.0300864212897934
2026,3,7,0.0184848448318655
