,Month,RF
1262,March,4.497574399879703
1263,April,1.821954177792663
1264,May,2.220305076340284
1265,June,1.2539893864449672
1266,July,2.17099991949791
1267,August,1.311935820847915
1268,September,1.3099716837695634
1269,October,0.9107741130340478
1270,November,3.4217821567876934
1271,December,0.5419048503268689
1272,January,2.0594375979695245
1273,February,11.570602421442112
