Year,Month,Day,RF_in
2025,7,1,0.0187346654139003
2025,7,2,0.0768278768485102
2025,7,3,0.067016373133073
2025,7,4,0.0515354624106977
2025,7,9,0.0065324855080218
2025,7,10,1.5456422783533615e-06
2025,7,11,0.0195075615717577
2025,7,12,0.1593724077709958
2025,7,13,0.0007224888916067
2025,7,16,0.110542903294586
