,Year,Month,Temp
391,2022.0,August,69.049658203125
392,2022.0,September,69.41445041232639
393,2022.0,October,69.33865831163195
394,2022.0,November,67.04931640625
395,2022.0,December,65.63507758246527
396,2023.0,January,64.8515597873264
397,2023.0,February,63.60559895833333
398,2023.0,March,65.36142849392361
399,2023.0,April,65.20284288194443
400,2023.0,May,72.8456570095486
401,2023.0,June,74.21656087239583
402,2023.0,July,69.17639431423612
