Year,Month,Day,RF_in
2025,3,1,0.0023124880145007
2025,3,2,0.01319427375278
2025,3,3,0.0373682804725093
2025,3,4,0.0360607667487066
2025,3,5,0.0009731538582905
2025,3,6,0.0059590363300865
2025,3,7,0.0313687818187358
2025,3,8,0.0623468009864923
2025,3,9,0.0059076030898444
2025,3,10,0.7070705398614453
2025,3,11,0.20288615181782835
