,Month,Temp
414,July,74.43263346354166
415,August,75.08769531249999
416,September,75.12132161458334
417,October,74.49997829861111
418,November,72.4414523654514
419,December,71.85549587673611
420,January,70.66609700520834
421,February,70.49681803385417
422,March,71.38990614149306
423,April,72.61263834635417
424,May,72.82748209635417
425,June,73.80362684461807
