Month,Temp
October,75.09756401909723
November,73.24233127170139
December,70.68490939670139
January,70.32112901475695
February,69.08361002604167
March,70.30337727864583
April,71.2728732638889
May,72.70425347222222
June,73.42426486545139
July,74.43263346354166
August,75.08769531249999
September,75.12132161458334
