,Month,tmean_f
421,February,70.49142795138889
422,March,71.47398003472222
423,April,72.63466796875
424,May,72.82748209635417
425,June,73.80362684461807
426,July,74.82516004774305
427,August,75.27691786024306
428,September,75.32125922309028
429,October,74.63125542534722
430,November,73.17548285590277
431,December,71.76007486979167
432,January,70.67333441840279
