,Month,RF
1257,October,3.9717087366032375
1258,November,5.861831357994313
1259,December,1.285094117195854
1260,January,4.460458474591718
1261,February,0.6856115828267778
1262,March,6.526741123505396
1263,April,1.4210900808894116
1264,May,3.066774347705235
1265,June,1.918126526501896
1266,July,3.1525404010371103
1267,August,1.7485719660205237
1268,September,2.298971187086857
