Month,RF
October,0.7415036356946267
November,6.780010856390347
December,8.019118866652086
January,1.590606194028264
February,3.0675088818107805
March,1.4061205368805896
April,6.198157318551327
May,2.5725703083230047
June,2.6833779227574857
July,3.7402998778798486
August,14.559865265322738
September,4.278607291059104
