,Month,Temp
397,February,70.21302897135416
398,March,71.67752549913195
399,April,71.78573947482639
400,May,79.24628363715277
401,June,80.42110460069443
402,July,74.8007052951389
403,August,75.86278483072917
404,September,75.50839301215278
405,October,75.09756401909723
406,November,73.24233127170139
407,December,70.68490939670139
408,January,70.32112901475695
