Year,Month,Day,RF_in
2025,5,1,0.0342851840709242
2025,5,2,0.00462567364728
2025,5,3,0.0129503020394748
2025,5,4,0.0268873654337078
2025,5,5,0.0
2025,5,6,0.0027930352967578307
