Year,Month,Day,RF_in
2024,11,1,0.4062587099843857
2024,11,2,0.1915951374032076
2024,11,3,0.0906626605959736
2024,11,4,1.369088744820526
2024,11,5,0.027788169091744665
