,Month,ET
265,February,2.96703125
266,March,3.628125
267,April,4.083333333333333
268,May,4.290625
269,June,4.27171875
270,July,4.507812500000001
271,August,4.4978125
272,September,4.111666666666666
273,October,3.3227083333333334
274,November,2.65171875
275,December,2.4653125000000005
276,January,2.9493750000000003
