Year,Month,Day,RF_in
2025,6,1,0.0341320510646211
2025,6,2,0.0128984863838973
2025,6,11,0.0094541173478633
2025,6,12,0.0937844082949239
2025,6,14,0.256230296923605
2025,6,16,0.0112452654886306
2025,6,19,0.0214072359399729
2025,6,20,0.0006374055933440128
