,Month,RF
1251,April,4.952536518330175
1252,May,11.137414789297171
1253,June,0.4303242247781635
1254,July,0.959322308154406
1255,August,1.3518086816567636
1256,September,0.4452992570264654
1257,October,1.7002199235457982
1258,November,1.5413155142716537
1259,December,0.8259883482717872
1260,January,6.595359187414941
1261,February,1.4577303983106713
1262,March,2.004044707898926
