Year,Month,Day,RF_in
2024,7,1,0.0415493177234274
2024,7,2,0.0236348252005812
2024,7,3,0.0989849305285
2024,7,4,0.0223603039542474
2024,7,5,0.0316003595669044
2024,7,6,5.2747995753532555e-05
2024,7,7,0.0024545402467523
2024,7,8,0.05316791328614848
