,Month,RF
1262,March,2.004044707898926
1263,April,3.866491887895524
1264,May,1.879598966687324
1265,June,0.8980827520664736
1266,July,1.602736449257862
1267,August,0.3364911713984428
1268,September,0.9627735504687348
1269,October,1.5213675140650824
1270,November,1.3363889240136215
1271,December,8.070471225818995
1272,January,4.447941728638087
1273,February,4.598284602987995
