Year,Month,Day,RF_in
2026,3,1,0.0417459301945302
2026,3,2,0.0113022476912726
2026,3,3,0.1538364799397905
2026,3,4,0.0290678485415356
2026,3,5,0.0110303545596127
2026,3,6,0.0148279548467764
2026,3,7,0.0053477266433462
2026,3,8,0.010915794049939111
