Year,Month,Day,RF_in
2025,6,1,0.0298409579249133
2025,6,2,0.0231352359522903
2025,6,11,0.0078041588030578
2025,6,12,0.0502172392033691
2025,6,14,0.0355479241437254
2025,6,16,0.1545447891604695
2025,6,19,0.0210730373842023
2025,6,20,0.00898822792952849
