,Year,Month,Temp
391,2022.0,August,76.50554199218749
392,2022.0,September,76.68669976128473
393,2022.0,October,75.56346299913194
394,2022.0,November,73.22376302083333
395,2022.0,December,72.04215494791666
396,2023.0,January,70.92680935329861
397,2023.0,February,69.64434678819444
398,2023.0,March,71.3440402560764
399,2023.0,April,71.06861707899306
400,2023.0,May,76.8728271484375
401,2023.0,June,79.07481011284722
402,2023.0,July,74.55420735677083
