Year,Month,Day,RF_in
2026,2,1,0.0051269371794393
2026,2,2,0.6843320813739429
2026,2,3,0.0039840965979275
2026,2,4,5.172199279119152e-05
2026,2,5,0.0971980784184339
2026,2,6,0.3605753758726123
2026,2,7,1.542866817076468
2026,2,8,0.4899840282144637
2026,2,9,0.6696875598069773
