,Month,RF
1259,December,0.8259883482717872
1260,January,6.595359187414941
1261,February,1.4577303983106713
1262,March,2.004044707898926
1263,April,3.866491887895524
1264,May,1.879598966687324
1265,June,0.8980827520664736
1266,July,1.602736449257862
1267,August,0.3364911713984428
1268,September,0.9627735504687348
1269,October,1.5213675140650824
1270,November,1.3363889240136215
