Year,Month,Day,RF_in
2024,9,1,0.0029594181832481
2024,9,2,0.0025700713960772
2024,9,3,0.003841151599693
2024,9,4,0.0013050902535271
2024,9,5,0.0002595509664187
2024,9,6,1.3492690386433312e-05
2024,9,7,0.000477633740935
2024,9,8,7.147588146501186e-05
2024,9,9,0.0015951775480107
2024,9,10,0.0019499624483529
2024,9,11,0.0005604128129769
2024,9,12,5.7262354467472994e-05
2024,9,13,0.0014645348511157
2024,9,14,
2024,9,15,
