Year,Month,Day,RF_in
2024,7,1,0.0415493177234274
2024,7,2,0.023634825200581213
