,Month,NDVI
292,August,0.5053819727014612
293,September,0.4603301625192901
294,October,0.5418269310468509
295,November,0.5661636635109231
296,December,0.529073644567419
297,January,0.5837776278272088
298,February,0.7051796618803048
299,March,0.6938319265106578
300,April,0.5898816144024884
301,May,0.4976080906243972
302,June,0.49702853921019
303,July,0.4508864320354697
