,Month,NDVI
276,February,0.6369746913580246
277,March,0.7465685185185185
278,April,0.7574456790123456
279,May,0.7043722222222222
280,June,0.6063481481481482
281,July,0.6607104938271606
282,August,0.6461648148148148
283,September,0.5445679012345679
284,October,0.5627802469135803
285,November,0.6059697530864198
286,December,0.6187882716049384
287,January,0.8114506172839505
