,Month,ET
266,March,3.740500000000001
267,April,4.7195
268,May,4.626
269,June,5.149875000000001
270,July,4.7195
271,August,3.895875
272,September,3.3505000000000007
273,October,2.902
274,November,2.4453750000000003
275,December,2.30575
276,January,3.121875
277,February,3.11875
