Year,Month,Day,RF_in
2025,3,1,0.0002329246033914
2025,3,2,0.000288292839493
2025,3,3,0.003720306963108
2025,3,4,0.1703069387817679
2025,3,5,0.0648973935359859
2025,3,6,0.0789087280142906
2025,3,7,0.0934050448656754
2025,3,8,0.0214231017728212
2025,3,9,0.1221677139176911
2025,3,10,0.2164652577709199
2025,3,11,0.022458020574881755
