,Month,Temp
406,November,72.96847330729167
407,December,70.05874565972222
408,January,69.51453179253473
409,February,68.239013671875
410,March,69.32827690972222
411,April,70.52853732638889
412,May,72.01757269965279
413,June,73.8490451388889
414,July,74.63885362413194
415,August,75.73107367621527
416,September,75.96131184895833
417,October,75.03441569010417
