,Month,RF
1239,April,5.652438586778215
1240,May,2.0455210839530475
1241,June,1.2571685307457228
1242,July,0.5870681366652085
1243,August,0.7704408381786478
1244,September,0.7817588339651989
1245,October,0.5158492405653069
1246,November,3.640363130878171
1247,December,3.0654317759976184
1248,January,11.985201475466608
1249,February,1.22949237736342
1250,March,0.2850020809030815
