,Month,RF
1252,May,2.6557107878876254
1253,June,3.0298041425919853
1254,July,4.2401580499052205
1255,August,18.14962908282298
1256,September,4.941433305537329
1257,October,4.1289797271434825
1258,November,7.119681735746574
1259,December,1.1511544930039128
1260,January,5.48291713373068
1261,February,0.7875980834426947
1262,March,7.666300420129776
1263,April,2.15763946797232
