Year,Month,Day,RF_in
2025,5,1,0.0300459826063273
2025,5,2,0.0012449721292514
2025,5,3,0.0053195312765512
2025,5,4,0.0229872463163648
2025,5,5,0.0
2025,5,6,0.0
