,Month,NDVI
292,August,0.6433343769591532
293,September,0.6651633462788146
294,October,0.5768814086914062
295,November,0.6017618061583719
296,December,0.7779645566587094
297,January,0.7499227170591001
298,February,0.7446844783830054
299,March,0.7643120377152054
300,April,0.7240614714445891
301,May,0.6792499400951244
302,June,0.5395805453076775
303,July,0.5945977105034722
