Year,Month,Day,RF_in
2025,5,1,0.0671818880526354
2025,5,2,0.0206792228270796
2025,5,3,0.0571922168006722
2025,5,4,0.0510918272472139
2025,5,5,0.0004213748537232
2025,5,6,0.031906903699754546
