Month,RF
October,1.2858408737590528
November,8.453140948527267
December,9.392919309565473
January,6.382340499538252
February,5.076322721487071
March,1.3193988772236804
April,11.301080854476524
May,15.438458240679983
June,6.480092630565277
July,4.19221801105157
August,17.76263617004472
September,3.7694341823266018
