,Month,RF
1236,January,11.457150484227668
1237,February,11.457150484227668
1238,March,14.685691550925927
1239,April,2.028797439274084
1240,May,7.449795839864635
1241,June,2.2337478811242346
1242,July,6.316238600600273
1243,August,5.89587624246622
1244,September,2.3239621970539277
1245,October,1.2858408737590528
1246,November,8.453140948527267
1247,December,9.392919309565473
