,Month,Temp
406,November,65.64005533854167
407,December,63.48887532552084
408,January,63.71342230902778
409,February,60.60671929253472
410,March,62.18432345920139
411,April,63.853613281250006
412,May,65.40234375
413,June,66.3923800998264
414,July,67.12582465277778
415,August,68.11949055989584
416,September,67.36327039930555
417,October,66.54874945746528
