,Month,RF
1259,December,2.173191892680082
1260,January,7.707676880559201
1261,February,0.7160052750703255
1262,March,8.916177958223972
1263,April,8.09042871919656
1264,May,3.2656270884976184
1265,June,3.78690066763573
1266,July,6.026027616773598
1267,August,2.868358055449232
1268,September,3.4491177426606403
1269,October,4.5056236595642565
1270,November,9.50176516021435
