,Month,Temp
412,May,65.40234375
413,June,66.3923800998264
414,July,67.12582465277778
415,August,68.11949055989584
416,September,67.36327039930555
417,October,66.54874945746528
418,November,64.82648111979167
419,December,64.59080132378472
420,January,62.62028266059028
421,February,62.89452311197917
422,March,62.88900824652778
423,April,64.12439236111112
