Year,Month,Day,RF_in
2024,11,1,0.2829657660590278
2024,11,2,0.1457256184753435
2024,11,3,0.0793807759418934
2024,11,4,0.8683653889238238
2024,11,5,0.024088233509436403
