Year,Month,Day,RF_in
2024,7,1,0.0785724175988011
2024,7,2,0.14794547784730577
