,Month,Temp
415,August,68.11949055989584
416,September,67.36327039930555
417,October,66.54874945746528
418,November,64.82648111979167
419,December,64.59080132378472
420,January,62.62028266059028
421,February,62.89452311197917
422,March,62.88900824652778
423,April,64.12439236111112
424,May,64.49644368489584
425,June,66.12688802083333
426,July,67.4078830295139
