,Month,ET
268,May,4.7905
269,June,5.0516250000000005
270,July,5.307125
271,August,4.909125
272,September,4.7505
273,October,4.2275
274,November,3.357750000000001
275,December,2.5090000000000003
276,January,3.33025
277,February,3.2321250000000004
278,March,4.173750000000001
279,April,4.268666666666667
