,Month,NDVI
276,February,0.686751851851852
277,March,0.7088086419753087
278,April,0.6515802469135802
279,May,0.6129598765432099
280,June,0.4539703703703703
281,July,0.4215006172839505
282,August,0.3901074074074074
283,September,0.3006555555555555
284,October,0.3155703703703704
285,November,0.5432734567901235
286,December,0.6845814814814816
287,January,0.7300283950617283
