Year,Month,Day,RF_in
2024,9,1,0.0072237218539939
2024,9,2,0.0165555914486417
2024,9,3,0.0208141018747066
2024,9,4,0.0023295710869499
2024,9,5,0.0009104148563078
2024,9,6,0.0269390754035926
2024,9,7,0.0339517957721308
2024,9,8,0.0015230996738291
2024,9,9,2.9403218026989532e-05
2024,9,10,0.0057032227203289
2024,9,11,8.787573053107453e-06
2024,9,12,0.0260217810692262
2024,9,13,0.0017802316894264
2024,9,14,0.0030669383107138
2024,9,15,0.1400699283588358
2024,9,16,0.14396215813192623
