Year,Month,Day,RF_in
2025,3,1,0.0052978476317338
2025,3,2,0.0094844074236288
2025,3,3,0.0154153883741098
2025,3,4,0.0081023825052772
2025,3,5,0.0004185100124148
2025,3,6,0.0021768909531106
2025,3,7,0.0139849566273037
2025,3,8,0.0215665580487707
2025,3,9,0.0013761004936223
2025,3,10,0.2139424920788981
2025,3,11,0.05295887440254728
