,Month,NDVI
293,September,0.5912337126555266
294,October,0.4990174093364197
295,November,0.5537274678548177
296,December,0.4310412936740451
297,January,0.3596978835117669
298,February,0.5078428291980132
299,March,0.5752519678186487
300,April,0.3976545922550154
301,May,0.4125600273226514
302,June,0.3000163796507282
303,July,0.2895927664674358
304,August,0.2751093970404731
