,Month,Temp
406,November,67.4686279296875
407,December,65.21973198784723
408,January,65.30277235243057
409,February,62.645665147569446
410,March,64.13719618055555
411,April,65.63816460503472
412,May,67.1586669921875
413,June,68.08375922309028
414,July,68.88332790798611
415,August,69.79555121527778
416,September,69.22930772569444
417,October,68.4612575954861
