Month,RF
October,0.5903965610798216
November,2.7913810171515023
December,1.7230787673079493
January,2.06461256280682
February,0.7196063908216985
March,0.157152622564432
April,1.3089830886753304
May,2.4930419803210366
June,0.7414123825884612
July,1.5255392880577427
August,3.110725593437105
September,0.7726480004344075
