Year,Month,Day,RF_in
2026,2,1,0.0035562391958814
2026,2,2,0.0
2026,2,3,0.1652707077386811
2026,2,4,0.0001610838122324
2026,2,5,0.0010165359810048
2026,2,6,0.004360821129595
2026,2,7,0.6688067122035093
2026,2,8,1.6512807284451858
2026,2,9,0.733148992565708
