,Month,RF
1251,April,1.3089830886753304
1252,May,2.4930419803210366
1253,June,0.7414123825884612
1254,July,1.5255392880577427
1255,August,3.110725593437105
1256,September,0.7726480004344075
1257,October,1.3086518956723292
1258,November,1.076520487971773
1259,December,0.2956886918201523
1260,January,2.6963391864428408
1261,February,0.1500298370364294
1262,March,1.5138001514730366
