Year,Month,Day,RF_in
2026,3,1,0.0004577182455684
2026,3,2,0.0145848147130005
2026,3,3,0.0507889060940746
2026,3,4,0.0244770400480335
2026,3,5,0.1114740943704736
2026,3,6,0.0296512854809639
2026,3,7,0.014989235849158926
