,Month,RF
1263,April,1.2834747008891685
1264,May,0.3929940801535008
1265,June,0.1214666580729736
1266,July,0.2101874534597292
1267,August,0.3565047931494999
1268,September,0.155127758857888
1269,October,0.6417734244943558
1270,November,1.62246041062901
1271,December,0.8766828306889156
1272,January,1.56785224980558
1273,February,3.718091316330685
1274,March,23.846230375716928
