Year,Month,Day,RF_in
2026,3,1,0.0
2026,3,2,0.0002052080379789
2026,3,3,0.0051199841733413
2026,3,4,0.0019042187371174
2026,3,5,0.0020018228349363
2026,3,6,0.0004151647763267
2026,3,7,0.0005079370853538
2026,3,8,0.0007799363662402299
