Year,Month,Day,RF_in
2025,6,1,0.0589876127646316
2025,6,2,0.0241589817370851
2025,6,11,0.0036812658338675
2025,6,12,0.0830786478719918
2025,6,14,0.2304831113877421
2025,6,16,0.0055362156856578
2025,6,19,0.0127472075125537
2025,6,20,0.0010365243670520205
