,Month,Temp
410,March,65.29080403645833
411,April,66.69233940972222
412,May,68.19617241753473
413,June,69.08289388020833
414,July,69.96795789930556
415,August,70.78563910590277
416,September,70.33162434895834
417,October,69.591015625
418,November,67.74009060329861
419,December,67.37039116753472
420,January,65.69874131944445
421,February,65.80327962239583
