Year,Month,Day,RF_in
2025,5,1,0.0127152700378768
2025,5,2,0.0037968794921981
2025,5,3,0.0042573413939729
2025,5,4,0.003272742887645
2025,5,5,0.012457528591295
2025,5,6,0.01643720307734428
