Month,RF
October,2.688576857851536
November,5.063229265395646
December,6.503492822403277
January,4.844749630905512
February,2.222236461978711
March,1.6199635879933414
April,5.185038041034802
May,10.252074067998446
June,4.1436063303502
July,7.697121898391173
August,13.716675172547877
September,4.825053199730243
