,Month,Temp
399,April,62.56582573784722
400,May,70.28165147569445
401,June,71.73110080295139
402,July,66.92337510850695
403,August,66.75496419270834
404,September,66.32520073784723
405,October,66.42364637586806
406,November,64.40377332899305
407,December,62.31865234375
408,January,62.63887261284722
409,February,59.22820909288194
410,March,60.86400282118056
