,Year,Month,Temp
391,2022.0,August,66.41355251736111
392,2022.0,September,66.723779296875
393,2022.0,October,66.74469672309027
394,2022.0,November,64.32838541666666
395,2022.0,December,63.09136284722223
396,2023.0,January,62.5201904296875
397,2023.0,February,60.95875379774306
398,2023.0,March,62.83128255208334
399,2023.0,April,62.56582573784722
400,2023.0,May,70.28165147569445
401,2023.0,June,71.73110080295139
402,2023.0,July,66.92337510850695
