Year,Month,Day,RF_in
2025,7,1,0.0426999790461983
2025,7,2,0.0608164499067201
2025,7,3,0.0058084133589848
2025,7,4,0.0529066063380396
2025,7,9,0.0394874269417426
2025,7,10,0.0044666825015725
2025,7,11,0.0149810359373006
2025,7,12,0.1804033859577774
2025,7,13,0.004303204349263
2025,7,16,0.24936596297587368
