,Month,NDVI
292,August,0.5501493289146895
293,September,0.5384630744839892
294,October,0.6143241222993827
295,November,0.5496871854052131
296,December,0.6102934472354842
297,January,0.5127004929530767
298,February,0.4971373758198302
299,March,0.5616796517077788
300,April,0.4839430444034529
301,May,0.5443492465549045
302,June,0.5611305707766686
303,July,0.5095827550063898
