,Month,RF
1237,February,7.596085604859288
1238,March,7.066878345393458
1239,April,5.307343309516867
1240,May,6.819810026459367
1241,June,5.893901188241228
1242,July,8.924966735928843
1243,August,4.9392180740862255
1244,September,1.746410489650165
1245,October,2.688576857851536
1246,November,5.063229265395646
1247,December,6.503492822403277
1248,January,4.844749630905512
