,Month,RF
1254,July,7.697121898391173
1255,August,13.716675172547877
1256,September,4.825053199730243
1257,October,3.047523383578789
1258,November,4.044181027935744
1259,December,1.298325342931309
1260,January,5.59003475260037
1261,February,0.260375015378937
1262,March,4.285982535603189
1263,April,1.7281907212227812
1264,May,1.5978185120251898
1265,June,9.921083269539226
