Year,Month,Day,RF_in
2024,10,1,0.15490164339131
2024,10,2,0.013613006956690637
