Year,Month,Day,RF_in
2025,3,1,0.0
2025,3,2,1.3425381688680493e-07
2025,3,3,0.0
2025,3,4,0.0
2025,3,5,0.0
2025,3,6,0.0
2025,3,7,0.0048871405145291
2025,3,8,0.0052991612863526
2025,3,9,0.0045863530071944
2025,3,10,0.0252440382025848
2025,3,11,0.0047512889731158615
