,Month,RF
1259,December,0.0856146669207039
1260,January,10.236562226596677
1261,February,0.4723230218984671
1262,March,0.3260699836090909
1263,April,3.386312347349811
1264,May,0.5899684190680593
1265,June,0.2176421439785575
1266,July,0.5627056339501616
1267,August,0.4997508991931564
1268,September,0.773888401889217
1269,October,0.787235384978462
1270,November,1.863097462209585
