Year,Month,Temp
2023.0,September,61.97248263888889
2023.0,October,64.04922960069445
2023.0,November,61.98876681857639
2023.0,December,60.45126681857639
2024.0,January,60.31343044704861
2024.0,February,56.02296278211806
2024.0,March,58.2489013671875
2024.0,April,59.39601236979166
2024.0,May,61.799991861979166
2024.0,June,63.75519205729167
2024.0,July,64.2637939453125
2024.0,August,65.75014377170139
