Year,Month,Day,RF_in
2026,3,1,0.0001060720915185
2026,3,2,2.167852783940144e-05
2026,3,3,0.0
2026,3,4,0.0
2026,3,5,0.0
2026,3,6,0.0004043690755252
2026,3,7,9.226807123070918e-05
2026,3,8,0.0
