,Month,ET
265,February,3.4706250000000005
266,March,4.081
267,April,4.900833333333334
268,May,4.629125
269,June,4.732125
270,July,5.4115
271,August,5.300375000000002
272,September,4.905666666666667
273,October,3.968833333333334
274,November,3.238
275,December,2.635125
276,January,3.322125
