,Month,NDVI
292,August,0.5230623410071855
293,September,0.4895074632432725
294,October,0.5501416524251302
295,November,0.5291991999119888
296,December,0.7525211381323543
297,January,0.7492195411964699
298,February,0.5901319244761526
299,March,0.7373027566038532
300,April,0.412428961859809
301,May,0.3781217174765504
302,June,0.4137642471878617
303,July,0.4118725811993634
