,Month,Temp
406,November,74.96216091579862
407,December,71.92825520833333
408,January,71.32509223090278
409,February,70.30753580729167
410,March,71.41630859375
411,April,72.58620062934028
412,May,73.83849826388888
413,June,75.74612630208333
414,July,76.67184244791667
415,August,77.7222439236111
416,September,77.9242404513889
417,October,76.96379665798611
