,Month,ET
266,March,3.9890625
267,April,4.533125
268,May,4.761875000000001
269,June,5.5004687500000005
270,July,5.221875
271,August,4.663437500000001
272,September,4.476041666666667
273,October,3.6835416666666654
274,November,2.8434375
275,December,2.48234375
276,January,3.3603125000000005
277,February,3.59296875
