,Month,NDVI
292,August,0.1164602114830488
293,September,0.2485563490125868
294,October,0.16399183391053
295,November,-0.0550238055947386
296,December,0.6320837515371817
297,January,0.3534957508981963
298,February,0.3929562038845486
299,March,0.5258167408130787
300,April,0.6933066285686729
301,May,-0.0004061869817015
302,June,0.161810592368797
303,July,0.4095737315990306
