Year,Month,Temp
2023.0,September,77.8197265625
2023.0,October,76.42450629340277
2023.0,November,74.96216091579862
2023.0,December,71.92825520833333
2024.0,January,71.32509223090278
2024.0,February,70.30753580729167
2024.0,March,71.41630859375
2024.0,April,72.58620062934028
2024.0,May,73.83849826388888
2024.0,June,75.74612630208333
2024.0,July,76.67184244791667
2024.0,August,77.7222439236111
