Year,Month,Day,RF_in
2025,7,1,0.0120568555889572
2025,7,2,0.5039748856262759
2025,7,3,0.0875586087610766
2025,7,4,0.0633353293318668
2025,7,9,0.0151871156215065
2025,7,10,0.3213818107805968
2025,7,11,0.1791470092761571
2025,7,12,0.1823288086981749
2025,7,13,0.0176674883718148
2025,7,16,0.0246496359090062
2025,7,17,0.0494915344885003
2025,7,18,0.0528440700741264
2025,7,19,0.4933209668168107
2025,7,20,0.10662572428148089
