,Month,Temp
414,July,76.67184244791667
415,August,77.7222439236111
416,September,77.9242404513889
417,October,76.96379665798611
418,November,74.48100857204861
419,December,73.825927734375
420,January,71.64730088975693
421,February,72.00809461805555
422,March,73.10127495659722
423,April,73.89555121527778
424,May,74.83037109375
425,June,76.12429470486111
