Year,Month,Day,RF_in
2024,7,1,5.496097259644263e-07
2024,7,2,0.0727569381314857
2024,7,3,0.0877525438612979
2024,7,4,0.1569672684008032
2024,7,5,0.1606098277767905
2024,7,6,0.0012830520053988
2024,7,7,0.0018098236833796
2024,7,8,0.10573535384086104
