Month,Temp
October,76.42450629340277
November,74.96216091579862
December,71.92825520833333
January,71.32509223090278
February,70.30753580729167
March,71.41630859375
April,72.58620062934028
May,73.83849826388888
June,75.74612630208333
July,76.67184244791667
August,77.7222439236111
September,77.9242404513889
