Year,Month,Day,RF_in
2025,8,1,0.0295925724433371
2025,8,2,0.1107062896672149
2025,8,3,0.0302869534022005
2025,8,4,0.023174460177358
2025,8,5,0.0004425830577777
2025,8,6,0.2365191216671375
2025,8,7,0.0606198522686969
2025,8,8,0.0575956617347744
2025,8,9,0.0236868114365749
2025,8,10,0.0421916494057085
2025,8,12,0.021970779865421
2025,8,13,0.0208344843803161
2025,8,13,0.020834484380316178
