Year,Month,Day,RF_in
2025,7,1,0.2479609458569571
2025,7,2,0.2679093261611952
2025,7,3,0.0350354620999447
2025,7,4,0.0592378681413144
2025,7,9,0.2170946550077236
2025,7,10,0.1323424445258246
2025,7,11,0.0241284775087318
2025,7,12,0.0358263442939765
2025,7,13,0.1868818855452516
2025,7,16,0.2063153484674889
2025,7,17,0.7543559504097632
2025,7,18,0.3002297575809615
2025,7,19,0.3733026699757013
2025,7,20,0.11689402195620933
