Month,Temp
October,69.45230102539062
November,67.4899169921875
December,65.23988037109375
January,65.32127075195314
February,62.66940002441406
March,64.15993041992186
April,65.65893859863282
May,67.17911987304689
June,68.10344848632812
July,68.90379028320314
August,69.8150634765625
September,69.25103149414062
