Year,Month,Day,RF_in
2024,7,1,0.169575842242437
2024,7,2,0.2252198934346463
2024,7,3,0.1257605565188751
2024,7,4,0.0257450389111135
2024,7,5,0.0346936015632208
2024,7,6,0.0284341501751596
2024,7,7,0.2774927267773779
2024,7,8,0.07413825755148527
