,Year,Month,Temp
391,2022.0,August,69.63173828125
392,2022.0,September,70.00857849121093
393,2022.0,October,69.91143188476562
394,2022.0,November,67.65012817382812
395,2022.0,December,66.19675903320314
396,2023.0,January,65.36634521484375
397,2023.0,February,64.19005126953125
398,2023.0,March,65.92010803222657
399,2023.0,April,65.78512573242188
400,2023.0,May,73.41181640625001
401,2023.0,June,74.76537475585937
402,2023.0,July,69.67388916015625
