Year,Month,Day,RF_in
2026,3,1,0.0263381525808953
2026,3,2,0.0219558563966659
2026,3,3,0.005233792599522
2026,3,4,0.0084107749209733
2026,3,5,0.1461756782164619
2026,3,6,0.0174561395837044
2026,3,7,0.2498162637545368
