,Month,RF
1252,May,8.467027559055119
1253,June,4.671951787886866
1254,July,4.507188905463966
1255,August,10.02337171232502
1256,September,7.490002088972278
1257,October,4.0656086278399775
1258,November,5.048703171136811
1259,December,0.4075878206721962
1260,January,8.023113474341098
1261,February,0.6948995381619778
1262,March,2.756353530149552
1263,April,8.707500734771436
