Year,Month,Day,RF_in
2025,6,1,0.3018838276700398
2025,6,2,0.6237527975781592
2025,6,11,0.1427285502276082
2025,6,12,0.1022123935862997
2025,6,14,0.1034010238847707
2025,6,16,0.1526638508260198
2025,6,19,0.3707991539128288
2025,6,20,0.6442780048306951
2025,6,23,0.2510905662129453
2025,6,24,0.2110046226521489
2025,6,26,0.5839404409013083
2025,6,30,0.7457914043703521
