,Month,Temp
406,November,67.4899169921875
407,December,65.23988037109375
408,January,65.32127075195314
409,February,62.66940002441406
410,March,64.15993041992186
411,April,65.65893859863282
412,May,67.17911987304689
413,June,68.10344848632812
414,July,68.90379028320314
415,August,69.8150634765625
416,September,69.25103149414062
417,October,68.4835205078125
