,Month,Temp
410,March,67.96447211371529
411,April,69.13556043836806
412,May,70.60074869791666
413,June,71.39854871961805
414,July,72.32771809895834
415,August,73.08032497829862
416,September,72.88640950520833
417,October,72.20942382812501
418,November,70.24775933159722
419,December,69.76271430121528
420,January,68.34829915364583
421,February,68.30677625868056
