,Month,NDVI
276,February,0.4849413580246914
277,March,0.5802697530864198
278,April,0.6556851851851853
279,May,0.6570833333333334
280,June,0.6951469135802469
281,July,0.6411055555555556
282,August,0.7234253086419753
283,September,0.746620987654321
284,October,0.7444160493827161
285,November,0.7409753086419752
286,December,0.6373685185185186
287,January,0.7179604938271605
