,Month,tmean_f
421,February,68.26754014756943
422,March,69.04960394965278
423,April,70.20770399305556
424,May,70.42822265625
425,June,71.58992513020834
426,July,72.69032389322916
427,August,73.16709255642361
428,September,73.00911187065972
429,October,72.29032389322916
430,November,70.87481825086806
431,December,69.47444661458334
432,January,68.42938910590277
