Year,Month,Day,RF_in
2024,7,1,0.2647065713058654
2024,7,2,0.2977327198656375
2024,7,3,0.0494442466304938
2024,7,4,0.1045047718847969
2024,7,5,0.0471154679544722
2024,7,6,0.0424356053588665
2024,7,7,0.0530594463910191
2024,7,8,0.40409441532888907
