,Month,ET
269,June,5.301562500000001
270,July,5.5228125
271,August,5.1921875
272,September,5.033541666666666
273,October,4.237708333333334
274,November,3.617656250000001
275,December,2.91671875
276,January,3.53015625
277,February,3.35015625
278,March,4.27890625
279,April,4.457083333333333
280,May,5.222083333333333
