Month,Temp
October,72.94832356770834
November,71.05230305989583
December,68.61190592447917
January,68.41760525173612
February,66.64162868923611
March,67.96447211371529
April,69.13556043836806
May,70.60074869791666
June,71.39854871961805
July,72.32771809895834
August,73.08032497829862
September,72.88640950520833
