,Month,RF
1238,March,12.142766279649074
1239,April,7.234363513263099
1240,May,11.354956498493245
1241,June,6.398684417377516
1242,July,13.627975729379315
1243,August,7.3800015720691166
1244,September,6.389658785056382
1245,October,2.5152897012005444
1246,November,16.46046739817245
1247,December,10.33269197470108
1248,January,3.3423333340927868
1249,February,4.687396999094732
