,Month,ET
266,March,3.697708333333333
267,April,4.09
268,May,4.1814583333333335
269,June,4.184791666666667
270,July,3.923958333333333
271,August,3.776458333333333
272,September,3.5416666666666665
273,October,3.225277777777778
274,November,2.590416666666667
275,December,2.3752083333333336
276,January,3.0089583333333336
277,February,2.8833333333333333
