Year,Month,Day,RF_in
2025,5,1,0.0830300695360535
2025,5,2,0.0029472752216317
2025,5,3,0.0044696658047223
2025,5,4,0.0100200271495197
2025,5,5,0.0004259441375639
2025,5,6,0.0
