,Month,RF
1239,April,1.689669450633992
1240,May,1.431970560157845
1241,June,0.5912774086832896
1242,July,0.8421879105796455
1243,August,0.7973663190647176
1244,September,0.2874469580937257
1245,October,1.838924051594245
1246,November,4.611394672128657
1247,December,1.1288436425373043
1248,January,5.149695440088218
1249,February,0.3025313991377163
1250,March,0.8831124367375085
