,Month,NDVI
276,February,0.6291975308641976
277,March,0.6194981481481482
278,April,0.6651049382716049
279,May,0.6248617283950617
280,June,0.5896351851851851
281,July,0.5563777777777779
282,August,0.5461425925925927
283,September,0.4964876543209877
284,October,0.5366506172839506
285,November,0.6087845679012346
286,December,0.6583987654320989
287,January,0.6614753086419753
