,Month,RF
1244,September,0.2874469580937257
1245,October,1.838924051594245
1246,November,4.611394672128657
1247,December,1.1288436425373043
1248,January,5.149695440088218
1249,February,0.3025313991377163
1250,March,0.8831124367375085
1251,April,1.306707456923787
1252,May,4.182618516543939
1253,June,0.3979014562334439
1254,July,0.90422394371385
1255,August,5.675808875127588
