,Month,Temp
406,November,73.4099880642361
407,December,70.47275933159722
408,January,69.91549479166667
409,February,68.69710015190972
410,March,69.79068739149307
411,April,70.98422309027778
412,May,72.42082790798611
413,June,74.2691650390625
414,July,75.08907063802084
415,August,76.17202962239583
416,September,76.39601779513889
417,October,75.4616943359375
