Year,Month,Day,RF_in
2025,3,1,0.0004647314820818
2025,3,2,0.001436061943494
2025,3,3,0.0020208379160132
2025,3,4,0.0932561578284295
2025,3,5,0.0560894403673648
2025,3,6,0.2943362412814718
2025,3,7,0.168837974402234
2025,3,8,0.0121095093135364
2025,3,9,0.1699341834895149
2025,3,10,0.1775589649329858
2025,3,11,0.04485410191730727
