Year,Month,Day,RF_in
2024,11,1,0.1212042386438891
2024,11,2,0.0004194582865631
2024,11,3,0.0341460238256757
2024,11,4,0.0354154499091408
2024,11,5,0.5659504591277219
