Month,RF
October,0.6173850528883543
November,5.291160300925926
December,3.7337987170549
January,8.982439342434626
February,1.762399600223583
March,0.1737323122051421
April,6.177731337185283
May,12.19907976997667
June,0.8086450961886058
July,1.4097190420099397
August,2.583112949368742
September,0.8342074763847879
