,Month,NDVI
294,October,0.4671867276415413
295,November,0.5767282556604456
296,December,0.5347517037097319
297,January,0.5217977924111449
298,February,0.5559471507131317
299,March,0.6171708283600984
300,April,0.4395955403645833
301,May,0.5213859463915412
302,June,0.5126910268524547
303,July,0.5772793145827305
304,August,0.4746435659903067
305,September,0.4942097605010609
