,Month,RF
1250,March,0.1737323122051421
1251,April,6.177731337185283
1252,May,12.19907976997667
1253,June,0.8086450961886058
1254,July,1.4097190420099397
1255,August,2.583112949368742
1256,September,0.8342074763847879
1257,October,2.114463576981263
1258,November,2.3790249621032618
1259,December,1.0572886288519492
1260,January,3.808310616175148
1261,February,1.3107479878274764
