Year,Month,Day,RF_in
2024,10,1,0.0071363336921514
2024,10,2,0.1640174015045537
