,Month,RF
1263,April,0.886839040342939
1264,May,2.530642057329639
1265,June,0.5264168011848996
1266,July,0.8212986624691662
1267,August,0.2810298711643792
1268,September,1.4203948247788472
1269,October,1.8208223544810804
1270,November,2.5029203367265724
1271,December,8.115578977107027
1272,January,2.824004299267279
1273,February,6.929833979628414
1274,March,31.11330783087878
