,Month,ET
265,February,2.8459375
266,March,3.3181250000000007
267,April,3.919583333333334
268,May,3.66
269,June,4.4240625
270,July,4.12
271,August,3.0700000000000003
272,September,2.731666666666667
273,October,2.4208333333333334
274,November,2.2506250000000003
275,December,2.035
276,January,2.608125
