Year,Month,Day,RF_in
2025,7,1,0.002171362849729
2025,7,2,0.043747791502767
2025,7,3,0.0025083372773008
2025,7,4,0.0590363505561764
2025,7,9,0.0178439000425341
2025,7,10,0.1680343329784786
2025,7,11,0.0192616402355426
2025,7,12,0.03080101788212
2025,7,13,0.0011226123167542
2025,7,16,0.005037470532307254
