Year,Month,Day,RF_in
2025,6,1,0.1263555595521805
2025,6,2,0.10901867086018
2025,6,11,0.0027440511370303
2025,6,12,0.015162062549934
2025,6,14,0.0734982806206027
2025,6,16,0.0153813269878367
2025,6,19,0.0643080307812272
2025,6,20,0.016428316208483517
