Month,RF
October,0.4127210674729027
November,3.436511760899679
December,3.5395288045591524
January,5.511140331091426
February,1.420042628135025
March,0.2960523692676436
April,4.240027518804073
May,5.960702733881356
June,2.541784666782104
July,1.83370245155445
August,8.266750130626033
September,1.3565709308851586
