Month,Temp
October,70.61766493055555
November,68.67740342881945
December,66.363916015625
January,66.35340711805556
February,63.993505859375006
March,65.42813585069445
April,66.81783311631943
May,68.31968587239584
June,69.20183648003473
July,70.04512261284722
August,70.90350477430556
September,70.46285264756945
