Year,Month,Day,RF_in
2024,7,1,0.0
2024,7,2,0.028051689876995
2024,7,3,0.06622268470578
2024,7,4,0.0222153995988945
2024,7,5,0.0184575389863173
2024,7,6,0.0017620704374983
2024,7,7,0.0
2024,7,8,0.05110437232434976
