,Month,RF
1236,January,5.953806894472392
1237,February,5.953806894472392
1238,March,9.83215693958394
1239,April,3.945992685701614
1240,May,4.210319114841548
1241,June,1.6329525005392125
1242,July,2.757243574262419
1243,August,1.116696892923107
1244,September,0.941902814041691
1245,October,0.4127210674729027
1246,November,3.436511760899679
1247,December,3.5395288045591524
