Year,Month,Day,RF_in
2025,3,1,9.79169613651948e-05
2025,3,2,0.008913599924477
2025,3,3,0.0216316029572841
2025,3,4,0.060262927580728
2025,3,5,0.0038942605144047
2025,3,6,0.0231662927128615
2025,3,7,0.0947696881958494
2025,3,8,0.0554628651239694
2025,3,9,0.0533703699906435
2025,3,10,0.5923586808593371
2025,3,11,0.09257411799185637
