,Month,RF
1244,September,0.941902814041691
1245,October,0.4127210674729027
1246,November,3.436511760899679
1247,December,3.5395288045591524
1248,January,5.511140331091426
1249,February,1.420042628135025
1250,March,0.2960523692676436
1251,April,4.240027518804073
1252,May,5.960702733881356
1253,June,2.541784666782104
1254,July,1.83370245155445
1255,August,8.266750130626033
