,Month,RF
1256,September,1.3565709308851586
1257,October,2.5767674765480706
1258,November,2.404658659746525
1259,December,0.8442880966647832
1260,January,5.579455562846311
1261,February,0.3592576644065325
1262,March,4.217909379708613
1263,April,4.1410270357915335
1264,May,1.2743649353401136
1265,June,1.4594077229604112
1266,July,2.075187955292481
1267,August,1.0610802013463596
