,Month,Temp
399,April,67.02384711371528
400,May,74.61624077690973
401,June,75.93289930555555
402,July,70.73222927517361
403,August,71.15878363715278
404,September,70.76546766493055
405,October,70.61766493055555
406,November,68.67740342881945
407,December,66.363916015625
408,January,66.35340711805556
409,February,63.993505859375006
410,March,65.42813585069445
