,Month,NDVI
292,August,0.5240641464421778
293,September,0.6414049878532504
294,October,0.736050217239945
295,November,0.6037318382734134
296,December,0.6727159288194444
297,January,0.5174063223379629
298,February,0.6930287679036459
299,March,0.7331835899823977
300,April,0.579434147587529
301,May,0.550662382149402
302,June,0.6116674917715567
303,July,0.4098867722499518
