Year,Month,Day,RF_in
2025,5,1,0.0241430510095133
2025,5,2,0.00119109201028
2025,5,3,0.0156179312958804
2025,5,4,0.0155877756448995
2025,5,5,0.0095048446262196
2025,5,6,0.014823461350702135
