Year,Month,Day,RF_in
2026,2,1,0.0030374035631774
2026,2,2,3.095980778175737e-06
2026,2,3,0.4763540299650043
2026,2,4,8.58429866060984e-05
2026,2,5,0.0021928413808664
2026,2,6,0.0014820550358815
2026,2,7,2.4968655922675467
2026,2,8,2.912837121488286
2026,2,9,0.6561516626149814
