Year,Month,Day,RF_in
2025,6,1,0.0408217551653292
2025,6,2,0.0011680904231567
2025,6,11,0.0001916588019082
2025,6,12,0.0011790531119881
2025,6,14,0.0
2025,6,16,0.0
2025,6,19,0.0
2025,6,20,0.0016193938252992391
