,Month,Temp
412,May,57.13952907986111
413,June,59.330295138888886
414,July,59.713498263888894
415,August,61.40304361979167
416,September,58.426402452256944
417,October,57.7123291015625
418,November,56.97361653645834
419,December,57.688037109375
420,January,53.82866482204861
421,February,55.51221516927083
422,March,53.50078396267361
423,April,54.54252251519097
