,Month,Temp
399,April,54.51066487630209
400,May,61.02481282552083
401,June,63.24368218315972
402,July,59.962988281250006
403,August,58.35106879340277
404,September,56.02214084201389
405,October,59.67054578993056
406,November,57.18387586805555
407,December,56.12457139756944
408,January,56.20667317708333
409,February,50.99126247829861
410,March,53.38691948784722
