,Month,RF
1253,June,0.1640580293097857
1254,July,0.4864978984967374
1255,August,3.183585443475382
1256,September,1.697896351280743
1257,October,1.7009983635671844
1258,November,0.7498689586409122
1259,December,0.1222931276063501
1260,January,11.409898225612425
1261,February,0.4709470460954208
1262,March,0.3948172436426133
1263,April,3.2965646207743995
1264,May,0.5573609786813758
