,Month,RF
1239,April,1.0614129369896472
1240,May,0.5358244743061631
1241,June,0.2107660177324839
1242,July,0.177105265524942
1243,August,0.1452364976730339
1244,September,0.6832417906854525
1245,October,0.2324068283239768
1246,November,2.431760476283781
1247,December,1.2325472797888113
1248,January,14.63768363589968
1249,February,0.2894196686921296
1250,March,0.4265917769393409
