Month,RF
October,0.2324068283239768
November,2.431760476283781
December,1.2325472797888113
January,14.63768363589968
February,0.2894196686921296
March,0.4265917769393409
April,0.6318535354657274
May,1.8119737697989573
June,0.1640580293097857
July,0.4864978984967374
August,3.183585443475382
September,1.697896351280743
