Year,Month,Day,RF_in
2024,9,1,0.0006158717278663
2024,9,2,0.0
2024,9,3,0.0050243497462665
2024,9,4,0.0098330144621696
2024,9,5,0.0026419956088239
2024,9,6,0.0
2024,9,7,0.0
2024,9,8,0.0027514213234942
2024,9,9,0.0
2024,9,10,0.0
2024,9,11,0.0
2024,9,12,0.0
2024,9,13,0.0118061005229028
2024,9,14,0.0091203971589122
2024,9,15,0.0
2024,9,16,0.0
