,Month,RF
1244,September,0.6832417906854525
1245,October,0.2324068283239768
1246,November,2.431760476283781
1247,December,1.2325472797888113
1248,January,14.63768363589968
1249,February,0.2894196686921296
1250,March,0.4265917769393409
1251,April,0.6318535354657274
1252,May,1.8119737697989573
1253,June,0.1640580293097857
1254,July,0.4864978984967374
1255,August,3.183585443475382
