Year,Month,Day,RF_in
2025,7,1,0.0023170765349917
2025,7,2,0.0202953278919901
2025,7,3,0.0
2025,7,4,0.0
2025,7,9,0.0003576098487782
2025,7,10,0.0082262377935027
2025,7,11,0.000477483411149
2025,7,12,0.0051775773134525
2025,7,13,0.0
2025,7,16,0.0
2025,7,17,2.242901974578658e-05
2025,7,18,0.0203707374149269
2025,7,19,0.0001039283203988
2025,7,20,0.000779996162092673
