,Month,RF
1233,October,1.7327726002023185
1234,November,1.244331508935732
1235,December,5.207360283306601
1236,January,3.954579733522893
1237,February,3.954579733522893
1238,March,4.959311794467532
1239,April,1.0614129369896472
1240,May,0.5358244743061631
1241,June,0.2107660177324839
1242,July,0.177105265524942
1243,August,0.1452364976730339
1244,September,0.6832417906854525
