Year,Month,Day,RF_in
2024,10,1,0.0810481105124717
2024,10,2,0.012743337932893345
