,Month,NDVI
294,October,0.6030656320077402
295,November,0.6426564440315152
296,December,0.5967331403567467
297,January,0.7121696001217689
298,February,0.6348081047152295
299,March,0.6774695596577208
300,April,0.496309021372854
301,May,0.5457066194510755
302,June,0.417753525722174
303,July,0.6146069750373746
304,August,0.5979820063084732
305,September,0.4174808455102237
