,Month,Temp
396,January,72.22221137152778
397,February,72.05044216579861
398,March,73.1372531467014
399,April,73.30485026041666
400,May,79.65553385416666
401,June,81.78689778645833
402,July,77.13037651909721
403,August,78.31389973958333
404,September,78.11295030381945
405,October,76.5591796875
406,November,75.239990234375
407,December,72.18878038194444
