Year,Month,Day,RF_in
2024,9,1,0.0085648074724403
2024,9,2,0.0019122587298354
2024,9,3,0.0036414343796006
2024,9,4,0.0135438810971314
2024,9,5,0.0039587579895713
2024,9,6,0.0031538022158965
2024,9,7,0.0177024777526351
2024,9,8,0.001609741430467
2024,9,9,0.0001357565604529
2024,9,10,0.0128522238625235
2024,9,11,0.0006720716593807
2024,9,12,0.000104288884464
2024,9,13,0.0046034768706127
2024,9,14,
2024,9,15,
2024,9,16,0.03799053928971905
