Year,Month,Day,RF_in
2024,7,1,0.0032072024615638
2024,7,2,0.008236974161985584
