Year,Month,Day,RF_in
2025,8,1,0.0107377804066148
2025,8,2,0.0218643896014463
2025,8,3,0.0403512721276322
2025,8,4,0.0264111920558202
2025,8,5,0.000674101183919
2025,8,6,0.0471697014020369
2025,8,7,0.0446160829042894
2025,8,8,0.0343187847046598
2025,8,9,0.0122944592757441
2025,8,10,0.0135084254013688
2025,8,12,0.005452781930150103
