,Month,RF
1251,April,4.095078664212113
1252,May,8.31317363541363
1253,June,1.5369465196516234
1254,July,2.508474553745018
1255,August,13.153978853771752
1256,September,5.173380427055993
1257,October,5.189141938854865
1258,November,8.785767420348499
1259,December,0.7128253001171079
1260,January,6.7829874401550505
1261,February,0.841893325617284
1262,March,4.905117654564013
