Year,Month,Day,RF_in
2024,10,1,0.0301809005907885
2024,10,2,0.014856651293544227
