,Month,RF
1246,November,7.532260642983863
1247,December,0.8485415712602982
1248,January,7.694421091243803
1249,February,0.6569246440630468
1250,March,1.8327044819538616
1251,April,4.095078664212113
1252,May,8.31317363541363
1253,June,1.5369465196516234
1254,July,2.508474553745018
1255,August,13.153978853771752
1256,September,5.173380427055993
1257,October,5.189141938854865
