Year,Month,Temp
2023.0,September,64.95398763020833
2023.0,October,65.12847222222223
2023.0,November,63.08401692708333
2023.0,December,61.06941731770833
2024.0,January,61.49177517361112
2024.0,February,57.75661892361112
2024.0,March,59.454532877604166
2024.0,April,61.35910915798611
2024.0,May,62.94729546440972
2024.0,June,64.0281222873264
2024.0,July,64.66912706163194
2024.0,August,65.77664116753473
