,Month,NDVI
292,August,0.7238391829125675
293,September,0.6913414001464844
294,October,0.6270743946970245
295,November,0.7513640603901427
296,December,0.7795107335220148
297,January,0.754907019344377
298,February,0.6312292593496817
299,March,0.7487562203112944
300,April,0.3517289102813344
301,May,0.5653300344208141
302,June,0.6365064927089361
303,July,0.7145475222740645
