Month,RF
October,1.9380980223066733
November,7.532260642983863
December,0.8485415712602982
January,7.694421091243803
February,0.6569246440630468
March,1.8327044819538616
April,4.095078664212113
May,8.31317363541363
June,1.5369465196516234
July,2.508474553745018
August,13.153978853771752
September,5.173380427055993
