,Year,Month,Temp
391,2022.0,August,65.0373291015625
392,2022.0,September,65.31907009548611
393,2022.0,October,65.39047309027778
394,2022.0,November,62.90787760416667
395,2022.0,December,61.76337348090279
396,2023.0,January,61.303059895833336
397,2023.0,February,59.57692599826389
398,2023.0,March,61.51037868923611
399,2023.0,April,61.18912489149306
400,2023.0,May,68.94306640625001
401,2023.0,June,70.43352864583333
402,2023.0,July,65.7471462673611
