Year,Month,Day,RF_in
2026,3,1,0.1261986552353698
2026,3,2,0.0407973176665633
2026,3,3,0.0192144228346646
2026,3,4,0.0141717551620659
2026,3,5,0.0220336127909277
2026,3,6,0.0009764091398621
2026,3,7,0.0192717638124214
2026,3,8,0.025036567917159365
