,Month,ET
266,March,3.64
267,April,4.463125
268,May,4.413437500000001
269,June,4.56609375
270,July,4.6265625
271,August,4.29296875
272,September,3.790833333333333
273,October,3.177083333333333
274,November,2.66984375
275,December,2.35125
276,January,3.0271875000000006
277,February,2.7784375000000003
