,Month,RF
1244,September,0.8844108948661691
1245,October,0.3032153672746473
1246,November,4.758740789725503
1247,December,3.844377012077592
1248,January,8.672587343818352
1249,February,2.202461890139709
1250,March,0.4006100952468832
1251,April,4.572076805828959
1252,May,4.25368688655129
1253,June,0.2084267817352909
1254,July,1.906577149505482
1255,August,7.452819770819664
