Year,Month,Day,RF_in
2025,6,1,0.0029633114031293
2025,6,2,0.0037883744882264
2025,6,11,1.0999715059982616e-05
2025,6,12,0.005508288936665
2025,6,14,0.0023959815658609
2025,6,16,0.0140701410338634
2025,6,19,0.0097102589077419
2025,6,20,0.0010880267969475
2025,6,23,0.1878377291995605
2025,6,24,0.0629703308132168
2025,6,26,0.0019033945451571
2025,6,30,0.011874830524648166
