Year,Month,Day,RF_in
2024,9,1,0.0023916929516996
2024,9,2,0.0004260999754345
2024,9,3,0.0003113897479842
2024,9,4,0.0
2024,9,5,0.0038607670149048
2024,9,6,0.0018423036953282
2024,9,7,0.0470450168519508
2024,9,8,0.0
2024,9,9,0.0
2024,9,10,0.0
2024,9,11,0.0
2024,9,12,0.0
2024,9,13,0.0687272988800823
2024,9,14,
2024,9,15,
2024,9,16,0.09423475357282611
