Year,Month,Day,RF_in
2026,2,1,0.005315399336794
2026,2,2,0.0494172170510546
2026,2,3,0.1727123711052842
2026,2,4,0.0
2026,2,5,7.471073768388088e-09
2026,2,6,0.6289666176676646
2026,2,7,1.461355187657207
2026,2,8,2.8426387116039207
2026,2,9,2.0127277257457075
