Year,Month,Day,RF_in
2026,3,1,0.0
2026,3,2,0.0088403940409395
2026,3,3,0.0223386777876138
2026,3,4,0.0086215130613231
2026,3,5,0.0002083929511453
2026,3,6,5.92856158682472e-05
2026,3,7,0.0041741406510821
2026,3,8,0.010116624915589395
