,Month,Temp
399,April,73.56373969184028
400,May,80.97506510416667
401,June,82.09691840277779
402,July,76.31979709201389
403,August,77.61916775173611
404,September,77.27931315104166
405,October,76.77026909722223
406,November,74.94679090711806
407,December,72.29829101562501
408,January,71.80260145399305
409,February,70.98416612413195
410,March,72.1237033420139
