,Month,NDVI
293,September,0.6875310356234327
294,October,0.6347683094165943
295,November,0.7166466418607735
296,December,0.5867325111671731
297,January,0.4677883666238667
298,February,0.6667830855758102
299,March,0.5786048041449653
300,April,0.3939581976996528
301,May,0.6202958189410928
302,June,0.4303526701750578
303,July,0.6356488922495901
304,August,0.670416514078776
