,Month,RF
1253,June,2.2620883191467387
1254,July,2.523730316859264
1255,August,6.455318302226111
1256,September,4.377951901520123
1257,October,2.292912170700885
1258,November,2.802796080611451
1259,December,0.2602205436871931
1260,January,5.161012249228396
1261,February,0.3773302293512139
1262,March,1.489018584590989
1263,April,4.655492350023088
1264,May,2.067355139906557
