Year,Month,Day,RF_in
2025,6,1,0.1750580632004061
2025,6,2,0.2940459282460569
2025,6,11,0.0729833725092767
2025,6,12,0.0500817167709111
2025,6,14,0.0317535667386059
2025,6,16,0.0660330586152045
2025,6,19,0.1770057652264767
2025,6,20,0.28875449406714787
