Year,Month,Day,RF_in
2025,3,1,0.0004437204536919
2025,3,2,0.0833182169418357
2025,3,3,9.333711040371116e-05
2025,3,4,0.0048021307443059
2025,3,5,0.0009355570422417
2025,3,6,0.108631505231022
2025,3,7,0.0214249559077806
2025,3,8,0.013305180689516
2025,3,9,0.0023178661647176
2025,3,10,0.1357189262644524
2025,3,11,0.0036668295390730847
