,Month,NDVI
272,October,0.676264705882353
273,November,0.6889195652173913
274,December,0.6712891891891892
275,January,0.7111697183098591
276,February,0.7532350649350649
277,March,0.5914940298507464
278,April,0.6991035714285714
279,May,0.6972197183098592
280,June,0.6789240000000001
281,July,0.7032831168831168
282,August,0.6867993589743591
283,September,0.5715890625
