Year,Month,Day,RF_in
2024,9,1,0.0342338616152459
2024,9,2,0.1790870984673465
2024,9,3,0.4913002860387352
2024,9,4,0.154645194276795
2024,9,5,0.0377786747044396
2024,9,6,0.0105285199538859
2024,9,7,0.0973152152486337
2024,9,8,0.0009976627412523
2024,9,9,0.0
2024,9,10,0.0
2024,9,11,0.0029760289148164
2024,9,12,0.0855318538368739
2024,9,13,0.226993451397053
2024,9,14,
2024,9,15,
2024,9,16,0.2689969506036138
