Year,Month,Day,RF_in
2024,11,1,0.0486440525071618
2024,11,2,0.0112816438483023
2024,11,3,0.2615589899445247
2024,11,4,0.2897961433791113
2024,11,5,0.06744723098901731
