,Month,RF
1236,January,9.134737216685808
1237,February,9.134737216685808
1238,March,11.588953907617018
1239,April,6.380246780675853
1240,May,3.192392317537456
1241,June,8.635992949611767
1242,July,3.610728773649388
1243,August,1.800959229156414
1244,September,2.5959896644999456
1245,October,2.1408255936696876
1246,November,5.8196952065562115
1247,December,7.455410160521928
