Year,Month,Day,RF_in
2024,7,1,0.0002592842625038
2024,7,2,0.056604162601661186
