Year,Month,Day,RF_in
2024,9,1,0.0013052515053269
2024,9,2,0.0127984584681526
2024,9,3,0.0014776445123467
2024,9,4,0.0801444700279469
2024,9,5,0.0087718304478068
2024,9,6,0.0007857688664347
2024,9,7,0.1144962694596952
2024,9,8,0.0225341810224771
2024,9,9,0.0
2024,9,10,0.0
2024,9,11,0.0042523812642769
2024,9,12,0.0
2024,9,13,0.0287080708033978
2024,9,14,
2024,9,15,
2024,9,16,0.2218227269664107
