,Month,NDVI
276,February,0.4505145833333333
277,March,0.7161243055555555
278,April,0.4060583333333334
279,May,0.3685236111111111
280,June,0.5363861111111112
281,July,0.4816048611111111
282,August,0.5476916666666667
283,September,0.6423611111111112
284,October,0.7780208333333333
285,November,0.5834569444444445
286,December,0.6541361111111111
287,January,0.8369944444444446
