,Month,RF
1246,November,5.819695206556212
1247,December,7.455410160521928
1248,January,11.492101847864722
1249,February,2.4537953721361
1250,March,0.6189229169229823
1251,April,4.86127451231682
1252,May,4.148246384668226
1253,June,0.380110986798037
1254,July,3.384016275614474
1255,August,6.226019538085084
1256,September,3.170705880392881
1257,October,5.717596686522583
