,Month,Temp
399,April,69.44257202148438
400,May,76.83571166992188
401,June,78.82120971679689
402,July,73.23829956054688
403,August,74.10824584960938
404,September,73.41402893066406
405,October,72.47476196289062
406,November,71.23812561035156
407,December,68.77745056152344
408,January,68.2156494140625
409,February,65.72064819335938
410,March,67.60704345703125
