Year,Month,Day,RF_in
2025,7,1,0.0269808231063402
2025,7,2,0.3778552424980691
2025,7,3,0.0100174726150793
2025,7,4,0.0437685656943867
2025,7,9,0.4360941221916352
2025,7,10,0.425118373760714
2025,7,11,0.2247403529476723
2025,7,12,0.1170645903206038
2025,7,13,0.0257831942273771
2025,7,16,0.0447787345759407
2025,7,17,0.1274530989812949
2025,7,18,0.1802180800016575
2025,7,19,0.1164555904224893
2025,7,20,0.12320500972076978
