,Month,NDVI
275,January,0.3309006172839506
276,February,0.377308024691358
277,March,0.4141666666666667
278,April,0.3772462962962963
279,May,0.3722814814814815
280,June,0.312333950617284
281,July,0.2590623456790124
282,August,0.2370475308641975
283,September,0.2396395061728395
284,October,0.2704802469135803
285,November,0.2400981481481481
286,December,0.3654043209876543
