,Month,RF
1255,August,0.5031869524338972
1256,September,0.454810880370097
1257,October,0.8916523746977375
1258,November,0.6656647099342617
1259,December,0.2145893181843209
1260,January,4.77124400791047
1261,February,0.5957292312202295
1262,March,1.59215191959512
1263,April,1.4752451801272235
1264,May,0.2537402678384278
1265,June,0.1612485846868696
1266,July,0.2612459841513409
