Year,Month,Day,RF_in
2025,3,1,0.0
2025,3,2,0.0017463645237903
2025,3,3,0.0
2025,3,4,0.0012713009615594
2025,3,5,0.0002657446173383
2025,3,6,0.0006757718174592
2025,3,7,0.0150953109101905
2025,3,8,0.0269647755682659
2025,3,9,0.0890975259443616
2025,3,10,0.0379125729146731
2025,3,11,0.0035417880680072736
