,Month,RF
1253,June,0.025465473832525
1254,July,0.241954110391149
1255,August,0.5031869524338972
1256,September,0.454810880370097
1257,October,0.8916523746977375
1258,November,0.6656647099342617
1259,December,0.2145893181843209
1260,January,4.77124400791047
1261,February,0.5957292312202295
1262,March,1.59215191959512
1263,April,1.4752451801272235
1264,May,0.2537402678384278
