,Month,RF
1244,September,0.264333608350497
1245,October,0.4527083803245297
1246,November,1.7003356215672694
1247,December,0.7626207199089263
1248,January,5.84943232736099
1249,February,0.1910977545755185
1250,March,0.0767662676520768
1251,April,0.9691539700251228
1252,May,0.7569591707259467
1253,June,0.025465473832525
1254,July,0.241954110391149
1255,August,0.5031869524338972
