,Month,Temp
399,April,73.43154568142361
400,May,81.06049262152777
401,June,82.984033203125
402,July,76.78522406684027
403,August,78.31850043402778
404,September,78.05919596354167
405,October,75.89546440972222
406,November,74.99329155815973
407,December,72.1578125
408,January,71.42389051649306
409,February,69.65783148871527
410,March,71.40636664496527
