Year,Month,Day,RF_in
2026,2,1,0.0331900095909506
2026,2,2,0.0948650055658461
2026,2,3,0.2014943787849273
2026,2,4,0.0
2026,2,5,0.0
2026,2,6,0.3795281357652559
2026,2,7,0.5351680808643494
2026,2,8,0.7408838502934529
2026,2,9,0.46868773073152104
