,Month,NDVI
293,September,0.2364142382586443
294,October,0.2568390222243321
295,November,0.2381876486319082
296,December,0.2449424413987148
297,January,0.2099071785255714
298,February,0.3057297600640191
299,March,0.2882443651740933
300,April,0.2440054387222101
301,May,0.2568576954029224
302,June,0.2392153327847704
303,July,0.2205516673900463
304,August,0.2009377420684437
