,Month,Temp
414,July,76.58107096354166
415,August,77.510498046875
416,September,77.49534505208334
417,October,76.98570963541667
418,November,74.54092881944445
419,December,73.57679036458333
420,January,71.86447211371528
421,February,71.71172960069444
422,March,73.02041286892361
423,April,74.34030219184028
424,May,75.09962836371528
425,June,76.4714816623264
