,Month,RF
1251,April,1.2608492704687957
1252,May,0.684242489572701
1253,June,0.1353796492330277
1254,July,0.3073842488167712
1255,August,0.6486105249078025
1256,September,0.1706571477929137
1257,October,0.7213554482447507
1258,November,1.470613580664613
1259,December,0.3157776359498032
1260,January,4.638957144788325
1261,February,0.559001457961201
1262,March,0.8673888976226062
