Year,Month,Day,RF_in
2025,7,1,0.0006825852999015
2025,7,2,0.075601878314066
2025,7,3,0.0002997500898539
2025,7,4,0.0015234142973551
2025,7,9,0.0106083580781735
2025,7,10,0.1249926516923286
2025,7,11,0.0161015601504401
2025,7,12,0.0082283097893199
2025,7,13,0.000232044236936
2025,7,16,0.0005746216285885
2025,7,17,0.0037063474127649
2025,7,18,0.0423750196449307
2025,7,19,0.0104428960014573
2025,7,20,0.0016377895094162407
