Year,Month,Day,RF_in
2026,3,1,0.0001295314037244
2026,3,2,0.0002203374171124
2026,3,3,0.010171593411782
2026,3,4,0.0006282629118005
2026,3,5,6.682770997590037e-05
2026,3,6,0.0019152868798746
2026,3,7,0.0014014279771687
2026,3,8,0.002300512388564412
