Year,Month,Day,RF_in
2025,5,1,0.0001712378954254
2025,5,2,0.0012215800149523
2025,5,3,0.0006382254686464
2025,5,4,0.0019574262686323
2025,5,5,0.0073864889455465
2025,5,6,0.010056146625597786
