,Month,Temp
410,March,70.71248914930555
411,April,71.99183213975695
412,May,73.74522298177084
413,June,75.09605848524305
414,July,75.96261664496528
415,August,76.89029947916666
416,September,76.76092664930556
417,October,76.24351128472222
418,November,73.86451822916666
419,December,72.96507161458334
420,January,71.16998155381944
421,February,71.08793131510416
