,Month,Temp
411,April,73.936181640625
412,May,75.03317057291667
413,June,76.99075792100695
414,July,78.02132161458334
415,August,79.02859700520833
416,September,79.212060546875
417,October,78.22961697048612
418,November,75.78511284722222
419,December,74.97380642361111
420,January,72.85096028645833
421,February,73.01104058159723
422,March,74.30443250868055
