Year,Month,Day,RF_in
2026,2,1,0.001625874142866
2026,2,2,0.0881616698649159
2026,2,3,0.0023588105634939
2026,2,4,0.0001789450129765
2026,2,5,0.0114292596442666
2026,2,6,0.0185061729463043
2026,2,7,1.4985329965535992
2026,2,8,2.6807131896598864
2026,2,9,0.2026950127531259
