,Month,RF
1250,March,0.4688519625896915
1251,April,4.501260123517547
1252,May,17.543461635437932
1253,June,1.0951996072105572
1254,July,1.350904101125814
1255,August,2.4552285442943766
1256,September,0.6749561510431856
1257,October,3.468830549555872
1258,November,2.636798967294887
1259,December,1.071906688204773
1260,January,12.039894481505783
1261,February,1.47430191492448
