,Month,RF
1262,March,1.7992069974543117
1263,April,5.94786179613833
1264,May,2.769324583667493
1265,June,8.209224362362692
1266,July,2.937540488374283
1267,August,3.046305884398999
1268,September,3.430890142367187
1269,October,3.046139516577355
1270,November,3.931272812089895
1271,December,2.5559712615133177
1272,January,0.9089937874790393
1273,February,1.6740587615892633
