,Month,NDVI
292,August,0.7179265434359327
293,September,0.7703710014437452
294,October,0.7500375818323206
295,November,0.7816760216230227
296,December,0.6939845144012828
297,January,0.6074117495689864
298,February,0.7196699071813513
299,March,0.6451416015625
300,April,0.4694741331500771
301,May,0.6588340099946952
302,June,0.4472212143886236
303,July,0.6207882445535542
