Year,Month,Temp
2023.0,September,75.09842664930557
2023.0,October,74.71032986111112
2023.0,November,72.84775119357639
2023.0,December,70.31141764322916
2024.0,January,69.9781711154514
2024.0,February,68.64363878038193
2024.0,March,69.88197157118056
2024.0,April,70.88778754340278
2024.0,May,72.32526312934027
2024.0,June,73.05929361979167
2024.0,July,74.05338541666667
2024.0,August,74.726025390625
