,Month,Temp
406,November,72.84775119357639
407,December,70.31141764322916
408,January,69.9781711154514
409,February,68.64363878038193
410,March,69.88197157118056
411,April,70.88778754340278
412,May,72.32526312934027
413,June,73.05929361979167
414,July,74.05338541666667
415,August,74.726025390625
416,September,74.71865234375
417,October,74.08728841145833
