Month,RF
October,2.8428627207731845
November,4.727097440185428
December,2.245964880203777
January,3.101547121062992
February,1.243845458580915
March,0.6674274731229344
April,2.40914821763816
May,6.718175663154953
June,3.155896711641513
July,3.2896151449493294
August,8.32633781562895
September,5.966409553623506
