Year,Month,Day,RF_in
2026,3,1,0.0213507589891073
2026,3,2,0.0062025931806945
2026,3,3,0.0009658426564949
2026,3,4,0.0010618083943103
2026,3,5,0.136992034659947
2026,3,6,0.0101040092654416
2026,3,7,0.2312109261081948
2026,3,8,0.061954317698270575
