,Month,RF
1255,August,8.32633781562895
1256,September,5.966409553623506
1257,October,2.717167203600418
1258,November,3.5591488157079327
1259,December,0.3149671268101578
1260,January,6.041661445422621
1261,February,0.4583956500676673
1262,March,1.7992069974543117
1263,April,5.94786179613833
1264,May,2.769324583667493
1265,June,8.209224362362692
1266,July,2.937540488374283
