,Month,NDVI
276,February,0.7868987654320988
277,March,0.6802240740740741
278,April,0.6822820987654321
279,May,0.7512981481481482
280,June,0.7207913580246914
281,July,0.7595679012345679
282,August,0.8222413580246914
283,September,0.747916049382716
284,October,0.7610864197530864
285,November,0.7575117283950618
286,December,0.7737382716049384
287,January,0.7670740740740742
