,Month,RF
1250,March,0.6674274731229344
1251,April,2.40914821763816
1252,May,6.718175663154953
1253,June,3.155896711641513
1254,July,3.2896151449493294
1255,August,8.32633781562895
1256,September,5.966409553623506
1257,October,2.717167203600418
1258,November,3.5591488157079327
1259,December,0.3149671268101578
1260,January,6.041661445422621
1261,February,0.4583956500676673
