,Month,RF
1238,March,1.6912503009335205
1239,April,5.177115515182998
1240,May,9.600575779807038
1241,June,5.9835385567038495
1242,July,2.26235222930033
1243,August,4.034802724312239
1244,September,1.9513813418179493
1245,October,2.8428627207731845
1246,November,4.727097440185428
1247,December,2.245964880203777
1248,January,3.101547121062992
1249,February,1.243845458580915
