Year,Month,Day,RF_in
2024,9,1,0.0442785413431868
2024,9,2,0.2658982905931789
2024,9,3,0.681278899585794
2024,9,4,0.2462442226934632
2024,9,5,0.0560208373738642
2024,9,6,0.0125378803109663
2024,9,7,0.1455145289184772
2024,9,8,0.0007191812886642
2024,9,9,0.0
2024,9,10,0.0
2024,9,11,0.0050167213715095
2024,9,12,0.0876353106160802
2024,9,13,0.3260480009850114
2024,9,14,0.2989125726892103
2024,9,15,0.096738660858175
2024,9,16,0.440127347803584
