,Month,Temp
399,April,73.23865017361112
400,May,80.85618489583334
401,June,82.7827365451389
402,July,76.61370713975694
403,August,78.11490885416666
404,September,77.8345703125
405,October,75.73004557291667
406,November,74.81170789930556
407,December,71.99434950086805
408,January,71.2687527126736
409,February,69.46744520399305
410,March,71.22264539930555
