Year,Month,Day,RF_in
2025,6,1,0.0121486120927643
2025,6,2,6.901504602448011e-05
2025,6,11,0.0044276047531666
2025,6,12,7.748103960320069e-07
2025,6,14,0.0
2025,6,16,3.2059496312629523e-06
2025,6,19,5.14594063595918e-06
2025,6,20,0.0002722570925583074
