,Month,RF
1251,April,0.2940700764997691
1252,May,0.559916896306473
1253,June,0.0059143048606554
1254,July,0.0566341592605693
1255,August,0.5941112982215114
1256,September,0.0397849191877206
1257,October,0.0489215771102274
1258,November,0.0007832614096397
1259,December,0.0897076624272063
1260,January,5.033366597404491
1261,February,0.397016396035348
1262,March,0.1324315598143819
