Year,Month,Day,RF_in
2026,2,1,0.0
2026,2,2,0.1288224341999839
2026,2,3,0.1738558124265228
2026,2,4,0.0
2026,2,5,0.0
2026,2,6,0.3906760851264035
2026,2,7,0.1993609666013157
2026,2,8,0.6057381187269126
2026,2,9,0.5966913641003209
