,Month,RF
1257,October,0.0489215771102274
1258,November,0.0007832614096397
1259,December,0.0897076624272063
1260,January,5.033366597404491
1261,February,0.397016396035348
1262,March,0.1324315598143819
1263,April,0.907568803180744
1264,May,0.0819167801575258
1265,June,0.016038334148322
1266,July,0.0106467905876135
1267,August,0.0836236597185198
1268,September,0.06991179028579
