Year,Month,Day,RF_in
2024,10,1,0.0007223872038925
2024,10,2,4.759590876882343e-05
