Month,RF
October,0.0508599157547526
November,1.152740208553575
December,0.8066345019047099
January,7.942031470241567
February,0.159266573747509
March,5.522714077678913e-05
April,0.2940700764997691
May,0.559916896306473
June,0.0059143048606554
July,0.0566341592605693
August,0.5941112982215114
September,0.0397849191877206
