Year,Month,Day,RF_in
2024,9,1,5.284237918995602e-05
2024,9,2,0.0
2024,9,3,0.0
2024,9,4,5.0566671158141735e-05
2024,9,5,0.0020529614994868
2024,9,6,0.0
2024,9,7,0.0001396908175554
2024,9,8,1.20838067442819e-05
2024,9,9,0.0
2024,9,10,0.0
2024,9,11,0.0
2024,9,12,0.0
2024,9,13,0.0
2024,9,14,9.755506645118552e-07
2024,9,15,0.0009315762144837
2024,9,16,0.0001488825757336
2024,9,17,2.3264899636955853e-05
