,Month,NDVI
292,August,0.2180805206298828
293,September,0.2272849612765842
294,October,0.1938488924944842
295,November,0.1943156866379726
296,December,0.1877096317432544
297,January,0.1869639172966097
298,February,0.3845930688175154
299,March,0.5817217414761767
300,April,0.4186081120997299
301,May,0.3105959951141734
302,June,0.2698201073540581
303,July,0.2192206912570529
