,Month,RF
1244,September,0.0400922198076341
1245,October,0.0508599157547526
1246,November,1.152740208553575
1247,December,0.8066345019047099
1248,January,7.942031470241567
1249,February,0.159266573747509
1250,March,5.522714077678913e-05
1251,April,0.2940700764997691
1252,May,0.559916896306473
1253,June,0.0059143048606554
1254,July,0.0566341592605693
1255,August,0.5941112982215114
