,Month,Temp
406,November,74.81170789930556
407,December,71.99434950086805
408,January,71.2687527126736
409,February,69.46744520399305
410,March,71.22264539930555
411,April,72.5073974609375
412,May,74.23415798611111
413,June,75.56025390625001
414,July,76.40908474392361
415,August,77.34628092447917
416,September,77.30088975694444
417,October,76.78918999565971
