Month,Temp
October,72.82989366319444
November,71.62798394097223
December,69.12839626736111
January,68.54872775607639
February,66.12940538194445
March,68.00148111979166
April,69.25205891927084
May,71.14696180555555
June,72.62925618489584
July,73.39360894097223
August,74.46715494791667
September,73.8915256076389
