Year,Month,Day,RF_in
2024,7,1,1.1288550334443989e-05
2024,7,2,0.0004287394777822
2024,7,3,0.0004498669690243
2024,7,4,0.000173394210927
2024,7,5,0.0003303590478616
2024,7,6,3.560429816112999e-05
2024,7,7,0.0001668222005923
2024,7,8,0.02577597654351366
