Year,Month,Day,RF_in
2025,6,1,0.0274614130337013
2025,6,2,0.00058621350653
2025,6,11,0.0044962142361395
2025,6,12,0.0015802055240963
2025,6,14,0.0001906150108386
2025,6,16,0.0007497515705754
2025,6,19,0.0002250582330298
2025,6,20,0.001545172107570823
