,Month,RF
1233,October,2.189538183812093
1234,November,1.4130704873642097
1235,December,5.542507192026345
1236,January,4.5615664415645965
1237,February,4.5615664415645965
1238,March,2.253850145359434
1239,April,3.1022738233024696
1240,May,0.5618867886197385
1241,June,0.1074494126124181
1242,July,0.209509121893075
1243,August,0.0614918927311074
1244,September,0.3268926855402298
