Year,Month,Temp
2023.0,September,73.89627821180557
2023.0,October,72.82989366319444
2023.0,November,71.62798394097223
2023.0,December,69.12839626736111
2024.0,January,68.54872775607639
2024.0,February,66.12940538194445
2024.0,March,68.00148111979166
2024.0,April,69.25205891927084
2024.0,May,71.14696180555555
2024.0,June,72.62925618489584
2024.0,July,73.39360894097223
2024.0,August,74.46715494791667
