Year,Month,Day,RF_in
2025,6,1,0.0274614130337013
2025,6,2,0.00058621350653
2025,6,11,0.0044962142361395
2025,6,12,0.0015802055240963
2025,6,14,0.0001906150108386
2025,6,16,0.0007497515705754
2025,6,19,0.0002250582330298
2025,6,20,0.0015451721075708
2025,6,23,0.0015892098987601
2025,6,24,0.000382869569486
2025,6,26,0.0
2025,6,30,0.017081192356279088
