,Month,ET
265,February,2.71484375
266,March,3.1840625000000005
267,April,3.841875
268,May,3.8096875
269,June,4.008125000000001
270,July,4.1137500000000005
271,August,3.56921875
272,September,3.306250000000001
273,October,2.885416666666667
274,November,2.3960937500000004
275,December,2.03625
276,January,2.69375
