Year,Month,Day,RF_in
2025,7,1,0.0
2025,7,2,0.0002129773994199
2025,7,3,0.0001347439709981
2025,7,4,0.0001866205378061
2025,7,9,1.1391303180356155e-06
2025,7,10,0.0
2025,7,11,0.0026025908373646
2025,7,12,0.0032933274939651
2025,7,13,3.237269958748268e-07
2025,7,16,5.853118030371583e-05
2025,7,17,1.9164445771180912e-05
2025,7,18,0.0704462558126686
2025,7,19,0.0077719853897072
2025,7,20,0.04302100768135184
