,Year,Month,Temp
391,2022.0,August,74.15648057725694
392,2022.0,September,74.30735677083334
393,2022.0,October,73.7697021484375
394,2022.0,November,71.50629882812501
395,2022.0,December,69.81155327690972
396,2023.0,January,68.44203559027778
397,2023.0,February,67.98509385850694
398,2023.0,March,69.05748155381946
399,2023.0,April,69.85669759114583
400,2023.0,May,77.27432183159723
401,2023.0,June,79.25339084201389
402,2023.0,July,73.60653483072917
