Year,Month,Day,RF_in
2025,3,1,0.0
2025,3,2,0.0
2025,3,3,2.2260890988435853e-06
2025,3,4,0.001574785424076
2025,3,5,0.0004291636980668
2025,3,6,0.0056181832839462
2025,3,7,0.0122396714418266
2025,3,8,0.0043516556769565
2025,3,9,0.0057040737682753
2025,3,10,0.0390003790623177
2025,3,11,0.003613836971330054
