,Month,RF
1262,March,1.9502058499198016
1263,April,2.3399121482970013
1264,May,1.1980142089986148
1265,June,0.8005813594182889
1266,July,0.8168304048799456
1267,August,0.6675769312337476
1268,September,0.6157774437130906
1269,October,0.7869561077543259
1270,November,1.0672051952707302
1271,December,0.3505588344968164
1272,January,0.7392816403591912
1273,February,3.3158730185853504
