,Month,RF
1256,September,0.745480562352666
1257,October,1.0045130060239866
1258,November,1.4853714269603018
1259,December,0.1091224875848309
1260,January,3.297310072026587
1261,February,0.2711295914670822
1262,March,1.9502058499198016
1263,April,2.3399121482970013
1264,May,1.1980142089986148
1265,June,0.8005813594182889
1266,July,0.8168304048799456
1267,August,0.6675769312337476
