,Month,RF
1233,October,1.1025266739118549
1234,November,0.7833565939755578
1235,December,3.2825757213291045
1236,January,3.824209304294863
1237,February,3.824209304294863
1238,March,3.5605243761847483
1239,April,2.5777509690628952
1240,May,1.3596163401395571
1241,June,0.677684369721797
1242,July,0.8859917154995384
1243,August,0.7404396885556407
1244,September,0.6108755855387868
