,Month,RF
1244,September,0.6108755855387868
1245,October,0.3128954499041569
1246,November,2.085593657346651
1247,December,1.0222004448879654
1248,January,1.5929132719087198
1249,February,0.6577157218683168
1250,March,0.1429014446043094
1251,April,1.1535262431117552
1252,May,1.1906892782607903
1253,June,0.7159999351616421
1254,July,0.9777229214891976
1255,August,4.324464053538447
