Year,Month,Day,RF_in
2026,3,1,4.933223010986809e-05
2026,3,2,0.0166565175768908
2026,3,3,0.0132109433531332
2026,3,4,0.0092263266703495
2026,3,5,0.0552352997238531
2026,3,6,0.0362651332122099
2026,3,7,0.0029083411686851
2026,3,8,0.008260269513616435
