Year,Month,Day,RF_in
2024,11,1,0.0358771925546389
2024,11,2,0.0114560639463083
2024,11,3,0.0201618561327973
2024,11,4,1.0626487105235978
2024,11,5,0.06293166931810933
