Year,Month,Day,RF_in
2025,7,1,0.0030074173337784
2025,7,2,0.0732592307085475
2025,7,3,0.0104652568690686
2025,7,4,0.0055734138047485
2025,7,9,0.0
2025,7,10,0.0
2025,7,11,0.0131027267662234
2025,7,12,0.128902770159508
2025,7,13,0.0017493557070137
2025,7,16,0.0180078667594054
2025,7,17,0.0237214763437773
2025,7,18,0.0252099350982752
2025,7,19,0.0490882675513542
2025,7,20,0.0023367746330343556
