,Month,RF
1259,December,0.1091224875848309
1260,January,3.297310072026587
1261,February,0.2711295914670822
1262,March,1.9502058499198016
1263,April,2.3399121482970013
1264,May,1.1980142089986148
1265,June,0.8005813594182889
1266,July,0.8168304048799456
1267,August,0.6675769312337476
1268,September,0.6157774437130906
1269,October,0.7869561077543259
1270,November,1.0672051952707302
