Year,Month,Day,RF_in
2024,7,1,0.0053550778249267
2024,7,2,0.0147561238043113
2024,7,3,0.0378174965822211
2024,7,4,0.0135874792265685
2024,7,5,0.0109485575417405
2024,7,6,0.0050977753447967
2024,7,7,0.0043679122687475
2024,7,8,0.03683053683502236
