,Month,NDVI
275,January,0.6111672839506173
276,February,0.6218870370370371
277,March,0.6798327160493828
278,April,0.6864617283950617
279,May,0.6757117283950618
280,June,0.5130679012345679
281,July,0.3769913580246914
282,August,0.3117506172839506
283,September,0.2944876543209877
284,October,0.2943345679012346
285,November,0.2873530864197531
286,December,0.5517944444444445
