Year,Month,Day,RF_in
2024,10,1,0.1575556521723033
2024,10,2,0.016605093143789836
