Year,Month,Temp
2023.0,September,64.99661187065973
2023.0,October,65.16873643663195
2023.0,November,63.12504069010416
2023.0,December,61.10825466579861
2024.0,January,61.52743598090278
2024.0,February,57.802365451388894
2024.0,March,59.498347981770834
2024.0,April,61.39914822048611
2024.0,May,62.98669704861111
2024.0,June,64.06606987847223
2024.0,July,64.70856119791667
2024.0,August,65.81424424913195
