,Month,Temp
399,April,61.23192274305556
400,May,68.98467881944444
401,June,70.47386338975694
402,July,65.78370768229166
403,August,65.43727756076389
404,September,64.99661187065973
405,October,65.16873643663195
406,November,63.12504069010416
407,December,61.10825466579861
408,January,61.52743598090278
409,February,57.802365451388894
410,March,59.498347981770834
