,Month,Temp
406,November,76.16695819323576
407,December,73.05801090288766
408,January,72.41922406546678
409,February,71.5575593972508
410,March,72.67811202037183
411,April,73.82965443285207
412,May,74.93889809137659
413,June,76.89254536689083
414,July,77.90039217019384
415,August,78.92551671281646
416,September,79.11044303797468
417,October,78.12973663716377
