Year,Month,Day,RF_in
2024,7,1,0.034543758302223
2024,7,2,0.0228735030166746
2024,7,3,0.0404903907475509
2024,7,4,0.1322895861047459
2024,7,5,0.0688548951637088
2024,7,6,8.577307847541148e-05
2024,7,7,0.0019147858375639
2024,7,8,0.06266667523722011
