,Month,RF
1238,March,3.098281980499508
1239,April,4.618739330862451
1240,May,2.44738096702756
1241,June,1.6995006170798477
1242,July,0.9948335782749448
1243,August,0.8217927827609807
1244,September,1.4595863162063238
1245,October,0.5645781389371617
1246,November,7.665254848209892
1247,December,4.413602093073327
1248,January,7.230428860882136
1249,February,1.3948474793922243
