Year,Month,Day,RF_in
2025,7,1,0.008980435649241
2025,7,2,0.1426295182836337
2025,7,3,0.0066047780157074
2025,7,4,0.0722486541027159
2025,7,9,0.0163148144098717
2025,7,10,0.2462681747796967
2025,7,11,0.3409251415823389
2025,7,12,0.1436627755953571
2025,7,13,0.0024488540146294
2025,7,16,0.007909202200221266
