Year,Month,Day,RF_in
2026,2,1,0.003680073370145
2026,2,2,0.4425090279166154
2026,2,3,0.0033655300384431
2026,2,4,9.508275492923468e-05
2026,2,5,0.0298359150022972
2026,2,6,0.5116267166738435
2026,2,7,1.3256829930102731
2026,2,8,0.591367346095288
2026,2,9,1.0879627137672243
