,Month,Temp
414,July,77.90039217019384
415,August,78.92551671281646
416,September,79.11044303797468
417,October,78.12973663716377
418,November,75.68220523882516
419,December,74.883232174644
420,January,72.75598422666138
421,February,72.93189898140824
422,March,74.20948934434335
423,April,75.0702166979826
424,May,76.10835517207278
425,June,77.44369746340982
