Year,Month,Day,RF_in
2024,9,1,0.0018634699930356
2024,9,2,0.008755321577778
2024,9,3,0.0001001143754701
2024,9,4,0.0086357959612148
2024,9,5,0.0020144811765415
2024,9,6,6.099655402926949e-05
2024,9,7,0.0119082721199576
2024,9,8,0.0011196479083984
2024,9,9,0.0005219948338711
2024,9,10,0.0043498211958276
2024,9,11,0.0015123176762438
2024,9,12,0.000145360504783
2024,9,13,0.0015894501932024
2024,9,14,
2024,9,15,
