Year,Month,Day,RF_in
2024,10,1,0.0065239372215871
2024,10,2,0.06892793760524961
