,Month,Temp
410,March,72.67811202037183
411,April,73.82965443285207
412,May,74.93889809137659
413,June,76.89254536689083
414,July,77.90039217019384
415,August,78.92551671281646
416,September,79.11044303797468
417,October,78.12973663716377
418,November,75.68220523882516
419,December,74.883232174644
420,January,72.75598422666138
421,February,72.93189898140824
