,Month,ET
264,January,3.735807291666667
265,February,3.7630859375
266,March,4.226171875
267,April,5.170572916666667
268,May,5.167578125
269,June,5.8267578125
270,July,5.7240234375000005
271,August,5.5394531250000005
272,September,4.760416666666666
273,October,3.9953125
274,November,3.5439453125
275,December,2.7441406249999996
