Year,Month,Day,RF_in
2024,7,1,0.0002548146366064
2024,7,2,0.06327295623183007
