Month,Temp
October,76.49695095486112
November,74.79649251302084
December,71.7748046875
January,71.02996690538194
February,70.22668999565973
March,71.05833604600694
April,72.5659423828125
May,73.86655002170139
June,76.17066514756945
July,77.06746690538193
August,78.34151475694445
September,78.0388400607639
