Year,Month,Day,RF_in
2026,3,1,0.0
2026,3,2,0.0
2026,3,3,0.0524806744551489
2026,3,4,0.0371695246213933
2026,3,5,0.1000794560612377
2026,3,6,0.0816236191708132
2026,3,7,0.2466304909213008
2026,3,8,0.03541188255347883
