,Month,NDVI
292,August,0.5681013413417486
293,September,0.6003238065743152
294,October,0.4676142092104311
295,November,0.3772728766924069
296,December,0.794057681236738
297,January,0.7251267138822579
298,February,0.7051688300238715
299,March,0.7049476717725213
300,April,0.757259886941792
301,May,0.58900851967894
302,June,0.5747389616789641
303,July,0.5738679391366465
