Year,Month,Day,RF_in
2024,11,1,0.2394344744789388
2024,11,2,0.0044711143476594
2024,11,3,0.0147787414696145
2024,11,4,0.0975846878071041
2024,11,5,1.4789242585453728
