,Month,RF
1255,August,1.7985802108395306
1256,September,2.094507032920798
1257,October,3.163253681831438
1258,November,4.58115654922475
1259,December,2.151851956276733
1260,January,5.641296926642851
1261,February,2.0144833987222954
1262,March,3.8732529242763927
1263,April,8.718069719366676
1264,May,5.295844706152183
1265,June,3.098994407383105
1266,July,2.617176582853358
