,Month,RF
1246,November,10.142810517825897
1247,December,5.9834459982866735
1248,January,4.822515200465394
1249,February,1.5544640307548363
1250,March,1.391557775248797
1251,April,13.096789143761544
1252,May,6.101362573818898
1253,June,0.1270263262482001
1254,July,1.966175499492685
1255,August,1.7985802108395306
1256,September,2.094507032920798
1257,October,3.163253681831438
