,Month,RF
1263,April,8.718069719366676
1264,May,5.295844706152183
1265,June,3.098994407383105
1266,July,2.617176582853358
1267,August,1.6632059311813454
1268,September,5.003834766422427
1269,October,5.287162726620978
1270,November,4.285616573861428
1271,December,9.487355475964812
1272,January,5.787161397577039
1273,February,8.108460997496842
1274,March,7.461390798914893
