Year,Month,Day,RF_in
2025,7,1,0.0091257787856321
2025,7,2,0.0951335733064562
2025,7,3,0.1195108126861611
2025,7,4,0.00670368520537
2025,7,9,0.0130914526986023
2025,7,10,0.1512973088616473
2025,7,11,0.0377260098550506
2025,7,12,0.381928543383032
2025,7,13,0.00017734180911
2025,7,16,0.0199975130265292
2025,7,17,0.0125462554385783
2025,7,18,0.1095445480339263
2025,7,19,0.5427576930759089
2025,7,20,0.15216514785423957
