,Month,NDVI
276,February,0.6151236111111111
277,March,0.6726347222222222
278,April,0.6178611111111112
279,May,0.5922506944444444
280,June,0.6035979166666666
281,July,0.6269520833333333
282,August,0.5494444444444445
283,September,0.5346833333333333
284,October,0.543326388888889
285,November,0.5411083333333333
286,December,0.60925
287,January,0.7181611111111111
