Month,Temp
October,66.55712076822917
November,64.74187011718749
December,62.92958713107639
January,62.66555718315972
February,58.90951605902778
March,61.03438313802084
April,62.21104600694444
May,64.46962348090278
June,66.28975423177084
July,66.87140570746527
August,68.23985188802084
September,66.51737196180557
