Year,Month,Day,RF_in
2024,11,1,0.0063605691875117
2024,11,2,9.492384433699984e-05
2024,11,3,0.0022759933078603
2024,11,4,0.0418033787121146
2024,11,5,0.2797324216851366
