Year,Month,Day,RF_in
2025,6,1,0.0223480481221653
2025,6,2,0.0010768122861692
2025,6,11,0.0100963581775314
2025,6,12,0.0012273650319093
2025,6,14,2.74229982689123e-05
2025,6,16,0.0001893278066138
2025,6,19,0.0003376716112874
2025,6,20,0.0406940645989401
2025,6,23,0.0001634410406394
2025,6,24,0.0001242552309304
2025,6,26,7.458275257005652e-05
2025,6,30,0.010449857351162743
