,Month,Temp
415,August,68.23985188802084
416,September,66.51737196180557
417,October,65.89141167534723
418,November,64.43001030815972
419,December,64.4328857421875
420,January,61.48333604600695
421,February,62.38729112413195
422,March,61.78349338107639
423,April,62.94417860243056
424,May,63.44963107638889
425,June,65.73548448350695
426,July,66.95419379340278
