Year,Month,Day,RF_in
2024,10,1,0.0440872799055771
2024,10,2,0.05968582807459127
