,Year,Month,Temp
391,2022.0,August,66.62585991753471
392,2022.0,September,66.53396267361111
393,2022.0,October,66.60218641493056
394,2022.0,November,64.10343153211805
395,2022.0,December,63.45154622395833
396,2023.0,January,62.53568250868055
397,2023.0,February,63.592686631944446
398,2023.0,March,62.372249348958334
399,2023.0,April,62.54183485243056
400,2023.0,May,69.52705620659722
401,2023.0,June,71.61972384982639
402,2023.0,July,67.10228407118055
