Year,Month,Temp
2023.0,September,79.02973090277777
2023.0,October,76.98462185329862
2023.0,November,75.22684461805557
2023.0,December,72.21226128472222
2024.0,January,71.43982204861112
2024.0,February,70.684326171875
2024.0,March,71.5009304470486
2024.0,April,73.00980631510417
2024.0,May,74.32120225694445
2024.0,June,76.6168674045139
2024.0,July,77.52418619791666
2024.0,August,78.80251736111111
