,Month,RF
1239,April,6.298759774168854
1240,May,5.505598217865996
1241,June,3.5431905579402403
1242,July,2.197132720606105
1243,August,1.4311648272698554
1244,September,1.3274108762120882
1245,October,3.6163997566710417
1246,November,8.228729980801011
1247,December,5.594081691394479
1248,January,5.073382686430689
1249,February,1.6850010651337854
1250,March,1.6221756154992346
