Year,Month,Day,RF_in
2024,7,1,0.0018259069135518
2024,7,2,0.0468867307410616
2024,7,3,0.0800521433776398
2024,7,4,0.060116287755053
2024,7,5,0.0012565950060117
2024,7,6,0.0179864070013844
2024,7,7,9.82219231097404e-05
2024,7,8,0.0016266422182730038
