,Year,Month,Temp
391,2022.0,August,78.25218641493055
392,2022.0,September,78.88586154513888
393,2022.0,October,77.21360677083334
394,2022.0,November,75.11117078993055
395,2022.0,December,73.5188449435764
396,2023.0,January,71.65807291666667
397,2023.0,February,71.54236111111112
398,2023.0,March,48.51757269965277
399,2023.0,April,72.92240668402778
400,2023.0,May,80.35463324652778
401,2023.0,June,82.88445638020833
402,2023.0,July,77.57539605034722
