Year,Month,Day,RF_in
2025,6,1,0.1062740319623675
2025,6,2,0.1599694243948673
2025,6,11,0.0535878451883103
2025,6,12,0.000108976304224
2025,6,14,0.1977245664184012
2025,6,16,0.0770731047382504
2025,6,19,0.0298822068653568
2025,6,20,0.13722572983023934
