,Month,RF
1244,September,1.3274108762120882
1245,October,3.6163997566710417
1246,November,8.228729980801011
1247,December,5.594081691394479
1248,January,5.073382686430689
1249,February,1.6850010651337854
1250,March,1.6221756154992346
1251,April,13.78579210259308
1252,May,5.533958591547584
1253,June,0.1141518212458685
1254,July,1.7479775748517548
1255,August,1.470390491146289
