,Month,ET
269,June,4.970898437500001
270,July,4.8533203125
271,August,4.0732421875
272,September,3.850520833333333
273,October,3.3458333333333337
274,November,3.1080078125000004
275,December,2.3599609375000004
276,January,2.8537109375
277,February,2.896875
278,March,3.4552734375000003
279,April,4.31015625
280,May,4.384375
