,Month,Temp
406,November,75.22684461805557
407,December,72.21226128472222
408,January,71.43982204861112
409,February,70.684326171875
410,March,71.5009304470486
411,April,73.00980631510417
412,May,74.32120225694445
413,June,76.6168674045139
414,July,77.52418619791666
415,August,78.80251736111111
416,September,78.51480577256945
417,October,77.90777994791668
