,Month,ET
265,February,3.5575
266,March,4.024531250000001
267,April,4.741250000000001
268,May,4.43140625
269,June,5.07625
270,July,4.953906249999999
271,August,5.006093750000001
272,September,4.603541666666667
273,October,3.888958333333334
274,November,3.34796875
275,December,2.643125
276,January,3.38765625
