,Month,RF
1244,September,4.513889363547439
1245,October,2.8667969034795133
1246,November,9.099194903154467
1247,December,5.8887359539042
1248,January,13.285632997047244
1249,February,2.2493843203952806
1250,March,0.5461895930543404
1251,April,6.23384214831219
1252,May,5.895081664054147
1253,June,0.7227427565206693
1254,July,5.0949302859495
1255,August,12.776792386628756
