,Month,NDVI
292,August,0.4352467383867429
293,September,0.5284376262146749
294,October,0.4393891699520158
295,November,0.2898905247817804
296,December,0.6359319333676938
297,January,0.4580491148395302
298,February,0.5610852182647328
299,March,0.622603569501712
300,April,0.6580736136730806
301,May,0.1920862551088686
302,June,0.261439193913966
303,July,0.5935212123541185
