Year,Month,Temp
2023.0,September,75.37001953125
2023.0,October,73.91515570746529
2023.0,November,72.81935763888889
2023.0,December,70.20085991753473
2024.0,January,69.56658257378473
2024.0,February,67.37852647569444
2024.0,March,69.20686577690972
2024.0,April,70.47023111979166
2024.0,May,72.30221625434028
2024.0,June,73.72606336805555
2024.0,July,74.52202419704861
2024.0,August,75.54454752604167
