Month,Temp
October,73.91515570746529
November,72.81935763888889
December,70.20085991753473
January,69.56658257378473
February,67.37852647569444
March,69.20686577690972
April,70.47023111979166
May,72.30221625434028
June,73.72606336805555
July,74.52202419704861
August,75.54454752604167
September,75.16733669704863
