Year,Month,Day,RF_in
2024,7,1,0.0002959335848067
2024,7,2,0.0623407713396041
2024,7,3,0.1295310994145751
2024,7,4,0.1615480793986038
2024,7,5,0.3039985390484501
2024,7,6,0.017401240154039
2024,7,7,0.0003124147297238
2024,7,8,0.22301742955687398
