Year,Month,Day,RF_in
2024,9,1,0.0052111431821576
2024,9,2,0.0171548979291881
2024,9,3,0.0016832052705308
2024,9,4,0.1542370324233559
2024,9,5,0.0143065377946751
2024,9,6,0.0003184265595339
2024,9,7,0.1748921700373119
2024,9,8,0.0283930416854394
2024,9,9,0.0
2024,9,10,0.0
2024,9,11,0.0032718781654533
2024,9,12,0.0
2024,9,13,0.0365916834612728
2024,9,14,
2024,9,15,
