Year,Month,Day,RF_in
2025,5,1,0.0311483140472444
2025,5,2,0.0011874700735201
2025,5,3,0.003545674798416
2025,5,4,0.018035886446913
2025,5,5,0.0044449376703015
2025,5,6,0.0053581278769351355
