Year,Month,Day,RF_in
2025,8,1,0.0143067538013979
2025,8,2,0.0119664062502966
2025,8,3,0.0203604191538774
2025,8,4,0.0071952242632005
2025,8,5,0.0049293160589186
2025,8,6,0.0484911063049559
2025,8,7,0.0389373310571557
2025,8,8,0.0407565563636142
2025,8,9,0.0573069469636947
2025,8,10,0.0620552048896855
2025,8,12,0.01992407630318929
