Year,Month,Day,RF_in
2025,6,1,0.0390909238889287
2025,6,2,0.0291289181846959
2025,6,11,0.0131455183469531
2025,6,12,0.0235452167121247
2025,6,14,0.0819500062559996
2025,6,16,0.0159016806935387
2025,6,19,0.0558112830407443
2025,6,20,0.0130426351792543
2025,6,23,0.1842143601204038
2025,6,24,0.04207719365466
2025,6,26,0.0346701506960203
2025,6,30,0.08039366020409558
