Year,Month,Day,RF_in
2024,10,1,0.0479080587338692
2024,10,2,0.028676119886242385
