Month,RF
October,0.66549092557278
November,4.314433094409206
December,3.40105642854756
January,2.892804394730607
February,0.9802011137767936
March,0.2560118353261398
April,2.9217383932694183
May,4.091110518737241
June,2.1656932369130946
July,2.121163145079956
August,7.058635899679207
September,1.5995186202853116
