,Month,ET
265,February,2.9171875000000003
266,March,3.7087890625
267,April,3.872916666666667
268,May,3.6748046875
269,June,3.7048828125
270,July,4.0921875
271,August,3.757421875
272,September,3.3286458333333337
273,October,2.9697916666666666
274,November,2.3701171875
275,December,2.3712890625000003
276,January,3.0894531250000004
