,Month,NDVI
292,August,0.6365444042064525
293,September,0.7498614935227382
294,October,0.6215881536036362
295,November,0.7151478425956067
296,December,0.6649407280815972
297,January,0.5948521178445698
298,February,0.6841351544415509
299,March,0.6635176576214072
300,April,0.5533630936234085
301,May,0.4619844695668161
302,June,0.4070566907341097
303,July,0.4031999847035349
