Year,Month,Day,RF_in
2025,3,1,0.0001356855094218
2025,3,2,0.0059280472454413
2025,3,3,0.0065387010319397
2025,3,4,0.0943742976240111
2025,3,5,0.0042158982328925
2025,3,6,0.0074371133194125
2025,3,7,0.0706760498830061
2025,3,8,0.0173180024733033
2025,3,9,0.0223932704738269
2025,3,10,1.0022314410405733
2025,3,11,0.023432815342611393
