Year,Month,Day,RF_in
2026,3,1,0.0002767082332371
2026,3,2,0.0223922340123846
2026,3,3,0.0262120894814668
2026,3,4,0.1118791116110215
2026,3,5,0.0036697087788982
2026,3,6,0.0193082179598596
2026,3,7,0.015860581938027
2026,3,8,0.08447730345386242
