,Month,RF
1259,December,0.7275158635633872
1260,January,4.38093513050452
1261,February,0.3484315038758719
1262,March,3.569912647637796
1263,April,5.437750999441043
1264,May,1.4579679649147588
1265,June,2.5905259292675225
1266,July,1.883944109715236
1267,August,1.5596866987763682
1268,September,1.306554616870808
1269,October,1.5734704270635878
1270,November,3.091710534609823
