,Month,RF
1253,June,2.1656932369130946
1254,July,2.121163145079956
1255,August,7.058635899679207
1256,September,1.5995186202853116
1257,October,2.049867057633421
1258,November,3.4384875271124966
1259,December,0.7275158635633872
1260,January,4.38093513050452
1261,February,0.3484315038758719
1262,March,3.569912647637796
1263,April,5.437750999441043
1264,May,1.4579679649147588
