,Month,RF
1246,November,4.314433094409206
1247,December,3.40105642854756
1248,January,2.892804394730607
1249,February,0.9802011137767936
1250,March,0.2560118353261398
1251,April,2.9217383932694183
1252,May,4.091110518737241
1253,June,2.1656932369130946
1254,July,2.121163145079956
1255,August,7.058635899679207
1256,September,1.5995186202853116
1257,October,2.049867057633421
