,Month,RF
1259,December,0.0917711218070668
1260,January,4.985988079615049
1261,February,0.4405488445956517
1262,March,1.9564066705474752
1263,April,4.213355980242054
1264,May,1.6902393968874552
1265,June,0.7944622393934699
1266,July,0.8614951217442222
1267,August,0.747999931269442
1268,September,0.9346875887611488
1269,October,3.114663123435525
1270,November,1.9117264679480168
