,Month,Temp
411,April,60.192529296874994
412,May,61.79916449652778
413,June,62.92245279947917
414,July,63.61668565538194
415,August,64.68098144531251
416,September,63.53500434027778
417,October,62.625157335069446
418,November,61.068820529513886
419,December,61.00599229600695
420,January,58.65001627604167
421,February,59.143115234375
422,March,58.69417860243056
