,Month,Temp
406,November,61.88865831163194
407,December,59.937939453125
408,January,60.45279947916667
409,February,56.42373860677083
410,March,58.17791883680556
411,April,60.192529296874994
412,May,61.79916449652778
413,June,62.92245279947917
414,July,63.61668565538194
415,August,64.68098144531251
416,September,63.53500434027778
417,October,62.625157335069446
