Year,Month,Day,RF_in
2025,7,1,0.0040234747161969
2025,7,2,0.0121395731848368
2025,7,3,0.0087394929435124
2025,7,4,0.0047957608636526
2025,7,9,0.0
2025,7,10,0.0
2025,7,11,0.0404766524418619
2025,7,12,0.1700756762365425
2025,7,13,0.001474733983994
2025,7,16,0.01793034723088474
