Year,Month,Day,RF_in
2024,11,1,1.8944131786857807
2024,11,2,0.2654957208107775
2024,11,3,0.1756615025477772
2024,11,4,4.240098242927967
2024,11,5,0.23710536947516433
