,Month,RF
1233,October,4.140095755717168
1234,November,6.446146949730243
1235,December,1.0270639150520682
1236,January,22.265900301958787
1237,February,22.265900301958787
1238,March,8.255701028907845
1239,April,4.551605257242151
1240,May,6.45123528938223
1241,June,5.151454050014582
1242,July,4.281753327926023
1243,August,4.994188280718382
1244,September,4.255337630322252
