,Month,ET
265,February,3.31421875
266,March,4.01203125
267,April,4.695416666666667
268,May,4.579218750000001
269,June,5.11890625
270,July,5.20515625
271,August,4.856250000000001
272,September,4.791041666666667
273,October,4.161458333333334
274,November,3.325
275,December,2.66984375
276,January,3.133125
