,Year,Month,Temp
391,2022.0,August,77.37344835069445
392,2022.0,September,77.91053602430556
393,2022.0,October,77.52938910590278
394,2022.0,November,75.64096137152778
395,2022.0,December,73.66714409722223
396,2023.0,January,72.21310492621528
397,2023.0,February,71.96331108940973
398,2023.0,March,73.3506320529514
399,2023.0,April,73.52951931423611
400,2023.0,May,80.941796875
401,2023.0,June,82.06465928819443
402,2023.0,July,76.29055989583334
