,Month,NDVI
275,January,0.797479012345679
276,February,0.7190265432098766
277,March,0.657291975308642
278,April,0.7331783950617285
279,May,0.6129388888888888
280,June,0.7133191358024692
281,July,0.7072012345679012
282,August,0.6990672839506173
283,September,0.7360123456790124
284,October,0.6829024691358024
285,November,0.7059777777777778
286,December,0.7225820987654321
