,Month,Temp
398,March,73.3506320529514
399,April,73.52951931423611
400,May,80.941796875
401,June,82.06465928819443
402,July,76.29055989583334
403,August,77.58536241319445
404,September,77.24522569444444
405,October,76.73807508680557
406,November,74.9139892578125
407,December,72.26724175347222
408,January,71.77409125434028
409,February,70.94758843315972
