,Month,Temp
410,March,72.08866373697916
411,April,72.90427788628472
412,May,74.30986599392361
413,June,74.97049696180555
414,July,76.03931477864583
415,August,76.61992458767361
416,September,76.8272243923611
417,October,76.24836154513889
418,November,74.11589898003473
419,December,73.45291883680557
420,January,72.43528645833334
421,February,72.16847330729166
