,Month,RF
1250,March,2.684153277498299
1251,April,6.649371058435404
1252,May,11.298110441272966
1253,June,4.783714237326238
1254,July,4.958317859464616
1255,August,17.932197494410424
1256,September,7.220605060543647
1257,October,7.534879808860698
1258,November,13.655370172912413
1259,December,3.042567948320696
1260,January,6.073477808004035
1261,February,1.8099527923592884
