Year,Month,Day,RF_in
2025,3,1,0.0041064555992407
2025,3,2,0.0
2025,3,3,0.1144618845268717
2025,3,4,0.4573064273609137
2025,3,5,0.0456293565348331
2025,3,6,0.3171453645605497
2025,3,7,0.3346996913675179
2025,3,8,0.109178897786838
2025,3,9,0.2910595249826085
2025,3,10,1.7628971610482285
2025,3,11,0.23935769845853688
