Year,Month,Day,RF_in
2025,8,1,0.0630759210179565
2025,8,2,0.0417623281641118
2025,8,3,0.0309879276649799
2025,8,4,0.0110648414698589
2025,8,5,0.0006843695571497
2025,8,6,0.0228305570792095
2025,8,7,0.1239680344641029
2025,8,8,0.0778732233055829
2025,8,9,0.01474428700673
2025,8,10,0.1279469265051992
2025,8,12,0.0942637318481077
2025,8,13,0.032972664182731
2025,8,13,0.03297266418273101
