Year,Month,Day,RF_in
2026,2,1,0.0008165188545827
2026,2,2,4.322067536127583e-05
2026,2,3,0.0092652356924741
2026,2,4,0.0003728978578488
2026,2,5,0.0822613600149346
2026,2,6,0.0003971026337064
2026,2,7,0.2751447281383664
2026,2,8,1.527068637904637
2026,2,9,1.65652570541855
