,Month,Temp
414,July,76.03931477864583
415,August,76.61992458767361
416,September,76.8272243923611
417,October,76.24836154513889
418,November,74.11589898003473
419,December,73.45291883680557
420,January,72.43528645833334
421,February,72.16847330729166
422,March,73.2591552734375
423,April,74.47911241319444
424,May,74.66837293836805
425,June,75.489111328125
