,Month,Temp
413,June,74.59442545572917
414,July,75.64854058159722
415,August,76.24726019965277
416,September,76.41232096354167
417,October,75.82312282986112
418,November,73.70863986545139
419,December,73.06439887152777
420,January,72.00498318142361
421,February,71.76189778645833
422,March,72.8045193142361
423,April,74.02514919704862
424,May,74.21674262152777
