Year,Month,Day,RF_in
2025,3,1,0.0
2025,3,2,0.0176284884970772
2025,3,3,0.0006661489729029
2025,3,4,0.0080514985525168
2025,3,5,0.0019568955225002
2025,3,6,0.0202880263085197
2025,3,7,0.0212428538968707
2025,3,8,0.0138488306739164
2025,3,9,0.0064067399292051
2025,3,10,0.0529404554258598
2025,3,11,0.004605699514895403
