Year,Month,Day,RF_in
2025,6,1,0.0981380951767286
2025,6,2,0.1561252537999265
2025,6,11,0.0053672562468743
2025,6,12,0.0404800195509483
2025,6,14,0.0737045790927338
2025,6,16,0.0706573453695349
2025,6,19,0.1051427129754939
2025,6,20,0.0659858597556761
2025,6,23,0.1145907617396349
2025,6,24,0.0525118461720876
2025,6,26,0.5627784347052105
2025,6,30,0.08077088766987081
