Year,Month,Day,RF_in
2026,2,1,6.241431108331777e-05
2026,2,2,1.2487575413245114e-05
2026,2,3,0.0027239694648179
2026,2,4,0.0
2026,2,5,0.0
2026,2,6,0.0
2026,2,7,0.0063248956308914
2026,2,8,0.0428740786106231
2026,2,9,0.010118254584335339
