,Month,RF
1257,October,1.6559358235060029
1258,November,1.0740169014517718
1259,December,0.1172499175992757
1260,January,5.078221830344123
1261,February,0.1965015196668125
1262,March,1.7053920404317953
1263,April,1.9804798095442064
1264,May,2.178629106366045
1265,June,4.3315174795858855
1266,July,2.220821504842277
1267,August,1.7939673603896302
1268,September,2.518440721982235
