,Month,NDVI
275,January,0.807310606060606
276,February,0.7605760869565218
277,March,0.7605417910447761
278,April,0.6280446969696971
279,May,0.7006521739130436
280,June,0.758990506329114
281,July,0.7527908450704226
282,August,0.6879550724637682
283,September,0.6507794520547946
284,October,0.7621768115942029
285,November,0.7223095238095237
286,December,0.7947460000000001
