Year,Month,Day,RF_in
2024,7,1,0.0133915194109715
2024,7,2,0.0125593984742385
2024,7,3,0.0419788762942989
2024,7,4,0.0103607726558323
2024,7,5,0.0092611352730112
2024,7,6,0.0093032908854498
2024,7,7,1.6400748973362323e-05
2024,7,8,0.03558436160394908
