,Month,RF
1244,September,1.0053097203995334
1245,October,0.1261292957548058
1246,November,1.3015575303249851
1247,December,0.2067998302241299
1248,January,1.844755350541035
1249,February,0.5201787791933994
1250,March,0.321775421382874
1251,April,1.1149005476420484
1252,May,4.09735132934772
1253,June,2.666813526021921
1254,July,2.640355583807233
1255,August,7.215998973978079
