,Month,RF
1239,April,3.4272874839755274
1240,May,1.832278001247023
1241,June,1.0199241011485978
1242,July,0.6411571396999854
1243,August,0.817864092536393
1244,September,0.7996414168253925
1245,October,0.2892541315229476
1246,November,2.227110730624818
1247,December,0.9249063000290112
1248,January,1.3284897750953877
1249,February,0.4892696077649582
1250,March,0.1325457745278856
