,Month,NDVI
292,August,0.3261979891930097
293,September,0.3978015758373119
294,October,0.6349672388147425
295,November,0.6302718645260658
296,December,0.6129221033166956
297,January,0.4489139038839458
298,February,0.3952316472559799
299,March,0.431613356978805
300,April,0.3625683725616078
301,May,0.4184893855342158
302,June,0.5352955099977093
303,July,0.5193794156298225
