Year,Month,Day,RF_in
2025,6,1,0.2128881122763029
2025,6,2,0.0804753904731092
2025,6,11,0.000821546399467
2025,6,12,0.0024697281615059
2025,6,14,0.0048322873223542
2025,6,16,0.0001701095094483
2025,6,19,0.0009789790867994
2025,6,20,0.008845440069231799
