,Month,Temp
406,November,58.156605360243056
407,December,56.40531412760417
408,January,57.20899522569445
409,February,52.26232774522569
410,March,54.19217664930555
411,April,56.55032823350695
412,May,58.21456705729167
413,June,59.47041286892362
414,July,59.93322211371528
415,August,61.26020236545139
416,September,59.72648111979167
417,October,58.72180447048611
