Year,Month,Day,RF_in
2025,6,1,0.075397359811496
2025,6,2,0.1150619048493775
2025,6,11,0.0375653305194625
2025,6,12,0.2196000808296044
2025,6,14,0.0928648166873428
2025,6,16,0.2705530889924024
2025,6,19,0.0847094782334879
2025,6,20,0.04031327348577278
