,Month,Temp
412,May,73.21564941406251
413,June,75.09722764756944
414,July,75.97645670572916
415,August,77.04115939670139
416,September,77.25281846788195
417,October,76.30385199652778
418,November,73.80110677083334
419,December,73.22747395833333
420,January,71.01975911458334
421,February,71.48520236545139
422,March,72.47399631076388
423,April,73.23066948784722
