Year,Month,Day,RF_in
2026,2,1,0.0028832401213706
2026,2,2,0.2642095444720885
2026,2,3,0.0088897149579291
2026,2,4,3.519282143306278e-05
2026,2,5,0.2358115689335219
2026,2,6,0.0603113316279801
2026,2,7,0.9898613645787768
2026,2,8,0.6121455344883105
2026,2,9,1.6452494795843662
