,Month,RF
1252,May,15.500334729209197
1253,June,2.1326522552736464
1254,July,3.0787635106809565
1255,August,4.897323761179159
1256,September,1.5156369613954506
1257,October,4.811166589202392
1258,November,4.379098201917469
1259,December,1.1559233874520023
1260,January,10.49401322664528
1261,February,1.3506667718510013
1262,March,3.077689833041703
1263,April,3.052268070440848
