Month,Temp
October,76.0939453125
November,74.28021918402777
December,71.28878580729167
January,70.7057861328125
February,69.59999728732639
March,70.70209689670139
April,71.88237847222223
May,73.21564941406251
June,75.09722764756944
July,75.97645670572916
August,77.04115939670139
September,77.25281846788195
