Year,Month,Temp
2023.0,September,77.10000542534722
2023.0,October,76.0939453125
2023.0,November,74.28021918402777
2023.0,December,71.28878580729167
2024.0,January,70.7057861328125
2024.0,February,69.59999728732639
2024.0,March,70.70209689670139
2024.0,April,71.88237847222223
2024.0,May,73.21564941406251
2024.0,June,75.09722764756944
2024.0,July,75.97645670572916
2024.0,August,77.04115939670139
