Month,RF
October,0.6602833872925172
November,7.587326730643046
December,4.966816620795664
January,5.969460658780499
February,1.9027625412383349
March,0.9446242095036516
April,8.548272015043258
May,15.500334729209197
June,2.1326522552736464
July,3.0787635106809565
August,4.897323761179159
September,1.5156369613954506
