,Month,NDVI
292,August,0.5449214511447482
293,September,0.6568017653477045
294,October,0.7154226891788436
295,November,0.4705631585768711
296,December,0.6701198154025607
297,January,0.6373235443491995
298,February,0.7423748440212674
299,March,0.72791177255136
300,April,0.696337287808642
301,May,0.5304270143862124
302,June,0.7112223307291666
303,July,0.557030854401765
