Year,Month,Day,RF_in
2024,9,1,0.009644352521773
2024,9,2,0.0106594904850184
2024,9,3,0.00020249465632
2024,9,4,0.0098002843447974
2024,9,5,0.0018341108813303
2024,9,6,2.181134474130325e-06
2024,9,7,0.0495458828924324
2024,9,8,2.0009776047005696e-06
2024,9,9,2.591519362958699e-05
2024,9,10,0.0026494343982814
2024,9,11,0.0
2024,9,12,0.0001242720485139
2024,9,13,0.0057148954269662
2024,9,14,0.0882730366271219
2024,9,15,0.3794859208204985
2024,9,16,0.0
2024,9,17,0.002534208022390451
