,Month,RF
1236,January,10.712912459293282
1237,February,10.712912459293282
1238,March,5.260168420245213
1239,April,6.099601590599786
1240,May,3.69103933894114
1241,June,2.6913372346468845
1242,July,1.6278359187035214
1243,August,0.9446361946320296
1244,September,2.727507165445465
1245,October,0.6602833872925172
1246,November,7.587326730643046
1247,December,4.966816620795664
