,Month,RF
1259,December,1.1559233874520023
1260,January,10.49401322664528
1261,February,1.3506667718510013
1262,March,3.077689833041703
1263,April,3.052268070440848
1264,May,3.2239684435604405
1265,June,3.295828662693205
1266,July,4.228368480849617
1267,August,0.5534083189416862
1268,September,2.931439227377394
1269,October,1.9473400989264364
1270,November,3.371901951112448
