,Year,Month,Temp
391,2022.0,August,67.5511013454861
392,2022.0,September,67.88487141927084
393,2022.0,October,67.86405707465278
394,2022.0,November,65.50253363715278
395,2022.0,December,64.1890380859375
396,2023.0,January,63.52623155381944
397,2023.0,February,62.10093587239584
398,2023.0,March,63.92310384114583
399,2023.0,April,63.70376519097222
400,2023.0,May,71.38808322482639
401,2023.0,June,72.80364040798611
402,2023.0,July,67.89561089409722
