,Month,RF
1236,January,8.883519551375523
1237,February,8.883519551375523
1238,March,12.018367766963156
1239,April,1.6884836349123895
1240,May,5.833605312682269
1241,June,1.1794805726052908
1242,July,3.917403051940557
1243,August,3.148820739312968
1244,September,1.621082358194809
1245,October,0.6573368850133968
1246,November,5.758684732550793
1247,December,6.476999755455916
