Year,Month,Day,RF_in
2024,9,1,0.189318289339131
2024,9,2,0.0730597777026868
2024,9,3,0.0391976738550856
2024,9,4,0.0156701177784498
2024,9,5,0.0051463458006613
2024,9,6,0.0134776847708082
2024,9,7,0.0
2024,9,8,0.0189713253459928
2024,9,9,0.0012199117570226
2024,9,10,0.0164024565882037
2024,9,11,0.0365033710131529
2024,9,12,0.0219615611064025
2024,9,13,0.0108393601174371
2024,9,14,0.0258291790920408
2024,9,15,0.119961945971421
2024,9,16,1.07795087151107
2024,9,17,0.048834147230348374
