,Month,NDVI
276,February,0.6434425925925926
277,March,0.728683950617284
278,April,0.687617901234568
279,May,0.7451086419753087
280,June,0.6890888888888889
281,July,0.6680993827160494
282,August,0.72265987654321
283,September,0.7131901234567902
284,October,0.6946925925925926
285,November,0.6932
286,December,0.7612925925925926
287,January,0.7731851851851852
