,Month,RF
1262,March,6.843495488085691
1263,April,6.345565853747448
1264,May,2.167380173398464
1265,June,1.6081927679504473
1266,July,3.9957003529940702
1267,August,1.6073226001643457
1268,September,2.426294071097016
1269,October,2.5779432057754934
1270,November,6.236256261695587
1271,December,0.7615133415126496
1272,January,4.411174677384078
1273,February,16.093848728978323
