,Month,RF
1257,October,3.722628577406557
1258,November,5.736185917298532
1259,December,1.556877313485771
1260,January,6.961926118827161
1261,February,0.4802827194479379
1262,March,6.843495488085691
1263,April,6.345565853747448
1264,May,2.167380173398464
1265,June,1.6081927679504473
1266,July,3.9957003529940702
1267,August,1.6073226001643457
1268,September,2.426294071097016
