,Month,NDVI
292,August,0.6793215716326678
293,September,0.622950518572772
294,October,0.7468264544451678
295,November,0.6072681568287037
296,December,0.746813267837336
297,January,0.7199204527301553
298,February,0.7261572943793403
299,March,0.7233859403633777
300,April,0.6751465974030672
301,May,0.6328740061065297
302,June,0.6310421978985822
303,July,0.6127552927276234
