Year,Month,Day,RF_in
2026,2,1,0.0121797550706111
2026,2,2,1.5190274520652502e-06
2026,2,3,0.4897115742069785
2026,2,4,0.0005031882401306
2026,2,5,0.0040299275693896
2026,2,6,0.000694451995409
2026,2,7,4.68642252509235
2026,2,8,5.603790357368524
2026,2,9,1.2765370915278387
