Year,Month,Day,RF_in
2026,2,1,0.019376099694861
2026,2,2,0.0002493944496736
2026,2,3,0.2292417161165943
2026,2,4,0.0002349062970419
2026,2,5,0.0247380966879228
2026,2,6,0.0059699335447771
2026,2,7,2.369879241169073
2026,2,8,6.056138056527657
2026,2,9,1.95412380025305
