Year,Month,Day,RF_in
2026,3,1,0.1483597954288103
2026,3,2,0.0869985635882971
2026,3,3,0.1258086194052946
2026,3,4,0.1219834129027193
2026,3,5,0.0059472820415109
2026,3,6,0.0365885425566514
2026,3,7,0.14508764771848723
