,Month,tmean_f
421,February,70.19579535590279
422,March,71.14960666232639
423,April,72.31444498697917
424,May,72.5105197482639
425,June,73.50570203993055
426,July,74.54480251736112
427,August,74.99505479600694
428,September,75.01200086805557
429,October,74.32222222222222
430,November,72.86874186197917
431,December,71.45666775173612
432,January,70.37605794270834
