,Month,tmean_f
415,August,74.82106119791666
416,September,74.82446560329862
417,October,74.19573296440973
418,November,72.1500705295139
419,December,71.57751736111112
420,January,70.35823025173612
421,February,70.16941731770834
422,March,71.0646240234375
423,April,72.287841796875
424,May,72.5105197482639
425,June,73.50570203993055
426,July,74.54480251736112
