,Month,Temp
411,April,69.46781684027778
412,May,70.92775336371528
413,June,71.71345486111112
414,July,72.6800075954861
415,August,73.3923800998264
416,September,73.23383789062501
417,October,72.56549750434027
418,November,70.58878038194445
419,December,70.08804524739583
420,January,68.70860460069446
421,February,68.64723036024306
422,March,69.32169596354167
