,Month,Temp
415,August,73.3923800998264
416,September,73.23383789062501
417,October,72.56549750434027
418,November,70.58878038194445
419,December,70.08804524739583
420,January,68.70860460069446
421,February,68.64723036024306
422,March,69.32169596354167
423,April,70.54750434027778
424,May,70.80407443576388
425,June,71.93422309027778
426,July,73.020361328125
