Year,Month,Day,RF_in
2025,3,1,6.35466153690972e-05
2025,3,2,0.0074358997880815
2025,3,3,0.0204805170376075
2025,3,4,0.110636010535711
2025,3,5,0.0056013750870049
2025,3,6,0.017923197686481
2025,3,7,0.1131314611115098
2025,3,8,0.0451731280867045
2025,3,9,0.050294293344015
2025,3,10,1.2198454170008264
2025,3,11,0.0795666566798508
