,Month,Temp
406,November,71.39275173611111
407,December,68.93416341145834
408,January,68.71351725260416
409,February,67.02124565972221
410,March,68.32806532118056
411,April,69.46781684027778
412,May,70.92775336371528
413,June,71.71345486111112
414,July,72.6800075954861
415,August,73.3923800998264
416,September,73.23383789062501
417,October,72.56549750434027
