Year,Month,Day,RF_in
2025,6,1,0.0825672403674692
2025,6,2,0.0684683313867586
2025,6,11,0.0136704258081156
2025,6,12,0.0356899953808603
2025,6,14,0.1292482474182372
2025,6,16,0.0263145916244315
2025,6,19,0.0844938645873204
2025,6,20,0.01744062754298318
