Year,Month,Day,RF_in
2025,7,1,0.1327554104429437
2025,7,2,0.1714038598568733
2025,7,3,0.0395641547546357
2025,7,4,0.0751645768756037
2025,7,9,0.0476937726483327
2025,7,10,0.0095966131819039
2025,7,11,0.0310252476934442
2025,7,12,0.1788309608475047
2025,7,13,0.0099116483258009
2025,7,16,0.0459428536737812
2025,7,17,0.1312864163972505
2025,7,18,0.0417400933776778
2025,7,19,0.2166285403119912
2025,7,20,0.1366586611942333
