Year,Month,Day,RF_in
2024,11,1,0.1433028870726554
2024,11,2,0.0511203141767313
2024,11,3,0.0012276606505519
2024,11,4,4.660902033513172
2024,11,5,0.4233566229297293
