,Month,ET
269,June,4.37421875
270,July,4.075156250000001
271,August,3.66
272,September,3.5885416666666665
273,October,3.15125
274,November,2.640000000000001
275,December,2.6034375
276,January,3.1923437500000005
277,February,2.86546875
278,March,3.3779687499999995
279,April,3.719166666666668
280,May,4.13125
