,Month,RF
1255,August,6.013614346383786
1256,September,2.637370218859361
1257,October,2.337519631877613
1258,November,4.643702780967484
1259,December,0.6329113713758872
1260,January,2.586258748906387
1261,February,1.0021942990090649
1262,March,2.2032740902504377
1263,April,2.12974354768154
1264,May,0.7821204051153763
1265,June,0.7287868211623287
1266,July,0.876936654348328
