Year,Month,Day,RF_in
2026,3,1,0.0729832167619401
2026,3,2,0.0191607400651829
2026,3,3,0.0055688785906376
2026,3,4,0.02175029355258
2026,3,5,0.0540379475745327
2026,3,6,0.0431969131732272
2026,3,7,0.0024182501902579
2026,3,8,0.035831718040622795
