,Month,Temp
406,November,75.39383409288195
407,December,72.72144097222223
408,January,72.19115668402779
409,February,71.48263346354167
410,March,72.601123046875
411,April,73.37256944444445
412,May,74.77074924045138
413,June,75.41433648003473
414,July,76.50050998263889
415,August,77.05974663628473
416,September,77.31690538194445
417,October,76.75023328993055
