Month,RF
October,2.301223916563381
November,4.7052783359762325
December,1.2028718645954848
January,5.54933705389691
February,0.3257357349916764
March,0.9814260294964214
April,1.496230427929365
May,4.643163568855108
June,0.50020140948907
July,1.010085260067318
August,6.013614346383786
September,2.637370218859361
