Year,Month,Day,RF_in
2024,7,1,0.005523267797702
2024,7,2,0.0137366796126226
2024,7,3,0.0084199364915167
2024,7,4,0.0005213621233531
2024,7,5,0.0
2024,7,6,0.017624058968659
2024,7,7,0.0095878097491163
2024,7,8,0.030274298931102173
