,Month,Temp
411,April,73.37256944444445
412,May,74.77074924045138
413,June,75.41433648003473
414,July,76.50050998263889
415,August,77.05974663628473
416,September,77.31690538194445
417,October,76.75023328993055
418,November,74.59654134114584
419,December,73.91145562065972
420,January,72.94312337239583
421,February,72.64832085503473
422,March,73.79571940104167
