,Month,ET
265,February,2.7765625000000003
266,March,3.72265625
267,April,4.27125
268,May,4.14046875
269,June,4.37421875
270,July,4.075156250000001
271,August,3.66
272,September,3.5885416666666665
273,October,3.15125
274,November,2.640000000000001
275,December,2.6034375
276,January,3.1923437500000005
