,Month,RF
1259,December,0.6329113713758872
1260,January,2.586258748906387
1261,February,1.0021942990090649
1262,March,2.2032740902504377
1263,April,2.12974354768154
1264,May,0.7821204051153763
1265,June,0.7287868211623287
1266,July,0.876936654348328
1267,August,1.0676774805276077
1268,September,1.340505400285251
1269,October,1.7161230022570964
1270,November,2.3418864905341694
