,Month,RF
1238,March,8.349739431442599
1239,April,6.747530446498008
1240,May,1.9947691678514143
1241,June,2.1863987921648684
1242,July,5.218700825374259
1243,August,0.887621336965041
1244,September,2.4735280553580976
1245,October,1.2162330281088998
1246,November,7.952439782917761
1247,December,3.6640832425786174
1248,January,8.641217753596774
1249,February,3.0180010457677167
