,Month,RF
1257,October,9.167763127916302
1258,November,7.301765976627054
1259,December,1.66568281815793
1260,January,15.244214671733742
1261,February,0.7140082085550938
1262,March,3.139425585310951
1263,April,8.994370359738019
1264,May,4.808841711626325
1265,June,1.885827673504788
1266,July,2.3937052017260867
1267,August,0.7341413255960193
1268,September,2.5993277600825078
