,Month,Temp
410,March,54.57366943359375
411,April,55.68178982204861
412,May,58.27760687934028
413,June,60.41102159288194
414,July,60.823247612847226
415,August,62.46516384548612
416,September,59.67918294270834
417,October,58.98075900607639
418,November,58.1319091796875
419,December,58.73713650173611
420,January,55.0169189453125
421,February,56.57908799913194
