Year,Month,Day,RF_in
2024,9,1,0.007847088516842
2024,9,2,0.0043987418977862
2024,9,3,0.0044641840547146
2024,9,4,0.0004551017134903
2024,9,5,0.0037626651397909
2024,9,6,0.0058716064502074
2024,9,7,0.0569089346450237
2024,9,8,4.474559634608153e-05
2024,9,9,0.0
2024,9,10,0.0
2024,9,11,0.0
2024,9,12,0.0
2024,9,13,0.0576911126024882
2024,9,14,
2024,9,15,
2024,9,16,0.1962522942620996
