,Month,Temp
406,November,58.35624728732639
407,December,57.18131510416667
408,January,57.20997992621528
409,February,52.21437717013889
410,March,54.57366943359375
411,April,55.68178982204861
412,May,58.27760687934028
413,June,60.41102159288194
414,July,60.823247612847226
415,August,62.46516384548612
416,September,59.67918294270834
417,October,58.98075900607639
