Month,Temp
October,60.74025607638889
November,58.35624728732639
December,57.18131510416667
January,57.20997992621528
February,52.21437717013889
March,54.57366943359375
April,55.68178982204861
May,58.27760687934028
June,60.41102159288194
July,60.823247612847226
August,62.46516384548612
September,59.67918294270834
