,Month,RF
1234,November,5.049732824195587
1235,December,10.135722916362884
1236,January,10.964382761616603
1237,February,10.964382761616603
1238,March,8.349739431442599
1239,April,6.747530446498008
1240,May,1.9947691678514143
1241,June,2.1863987921648684
1242,July,5.218700825374259
1243,August,0.887621336965041
1244,September,2.4735280553580976
1245,October,1.2162330281088998
