Year,Month,Day,RF_in
2026,3,1,0.0
2026,3,2,0.0044000620418773
2026,3,3,0.0288490939907468
2026,3,4,0.0210154331192813
2026,3,5,0.0014982489347342
2026,3,6,0.0027576039365166
2026,3,7,0.0229350598337954
2026,3,8,0.18011770084322146
