,Month,NDVI
292,August,0.6281913003803771
293,September,0.6145603509596836
294,October,0.4730519424250096
295,November,0.644853992226683
296,December,0.7607209005473573
297,January,0.734411828311873
298,February,0.7267719315893856
299,March,0.7320166222843123
300,April,0.587953261387201
301,May,0.5190566734031394
302,June,0.4836926401397328
303,July,0.5753322177463107
