,Month,ET
268,May,4.80296875
269,June,4.9848437500000005
270,July,5.30703125
271,August,5.1059375000000005
272,September,4.222708333333333
273,October,3.5791666666666666
274,November,2.8654687500000007
275,December,2.13890625
276,January,2.75109375
277,February,2.8696875000000004
278,March,3.9162500000000007
279,April,4.07625
