,Month,RF
1252,May,2.178506644460241
1253,June,0.0723491916042775
1254,July,0.763255931712963
1255,August,3.5545844990947315
1256,September,0.8280099190346433
1257,October,2.792212618930446
1258,November,1.3942889605433435
1259,December,0.6660396901884661
1260,January,6.5352460553975895
1261,February,0.5791373636211056
1262,March,1.809981746530816
1263,April,3.8490901934784194
