Year,Month,Temp
2023.0,September,79.16904296875
2023.0,October,76.71275227864584
2023.0,November,75.89049750434029
2023.0,December,72.96546766493056
2024.0,January,72.19041883680555
2024.0,February,70.59852701822916
2024.0,March,72.31412217881945
2024.0,April,73.61045464409722
2024.0,May,75.28024631076389
2024.0,June,76.55341525607639
2024.0,July,77.430859375
2024.0,August,78.32186414930555
