Year,Month,Day,RF_in
2025,7,1,0.0633002342653538
2025,7,2,0.177361848137174
2025,7,3,0.0003140764402395
2025,7,4,0.0689106686557708
2025,7,9,0.0556055816000701
2025,7,10,0.0637759088809374
2025,7,11,0.0705553382806044
2025,7,12,0.010801483848485
2025,7,13,0.0051416965572505
2025,7,16,0.009037710156259494
