,Month,Temp
399,April,74.38461371527778
400,May,82.06988932291667
401,June,83.97863498263888
402,July,77.63267144097222
403,August,79.32443576388889
404,September,79.16904296875
405,October,76.71275227864584
406,November,75.89049750434029
407,December,72.96546766493056
408,January,72.19041883680555
409,February,70.59852701822916
410,March,72.31412217881945
