,Month,RF
1261,February,0.5791373636211056
1262,March,1.809981746530816
1263,April,3.8490901934784194
1264,May,0.8154747207298958
1265,June,0.569258473224701
1266,July,1.105362284087319
1267,August,0.3886411645918393
1268,September,0.5767126297526612
1269,October,1.0830229541077332
1270,November,2.546096939705454
1271,December,0.8168924071529904
1272,January,2.4377903011689512
