,Year,Month,Temp
391,2022.0,August,78.8179470486111
392,2022.0,September,79.11909722222222
393,2022.0,October,78.20640733506946
394,2022.0,November,76.08868815104167
395,2022.0,December,73.74841037326388
396,2023.0,January,72.09807400173611
397,2023.0,February,70.70400390625
398,2023.0,March,73.195654296875
399,2023.0,April,74.38461371527778
400,2023.0,May,82.06988932291667
401,2023.0,June,83.97863498263888
402,2023.0,July,77.63267144097222
