Month,Temp
October,76.71275227864584
November,75.89049750434029
December,72.96546766493056
January,72.19041883680555
February,70.59852701822916
March,72.31412217881945
April,73.61045464409722
May,75.28024631076389
June,76.55341525607639
July,77.430859375
August,78.32186414930555
September,78.4561306423611
