Year,Month,Day,RF_in
2025,6,1,0.0138543634126354
2025,6,2,0.0052505801692119
2025,6,11,0.0060607949649324
2025,6,12,0.0127895244347338
2025,6,14,0.0074509034481736
2025,6,16,0.0134951859506907
2025,6,19,0.0095761324071416
2025,6,20,0.0032907020388625
2025,6,23,0.0483166136639197
2025,6,24,0.0428283593507924
2025,6,26,7.579347010637797e-06
2025,6,30,0.00951288044713405
