,Month,NDVI
294,October,0.4550969630111883
295,November,0.6491373321156443
296,December,0.5901291458695023
297,January,0.5442836902759693
298,February,0.6165183738425926
299,March,0.55070095297731
300,April,0.4536955091688368
301,May,0.436876744399836
302,June,0.3613536976001881
303,July,0.348520326025692
304,August,0.2897175447440441
305,September,0.2775762581530912
