,Month,ET
269,June,4.2662109375
270,July,4.331250000000001
271,August,4.0484375
272,September,3.6515625
273,October,3.0223958333333334
274,November,2.5363281250000003
275,December,2.4087890625000004
276,January,3.03203125
277,February,2.9880859375
278,March,3.754296875000001
279,April,3.994791666666667
280,May,4.629947916666668
