,Month,RF
1237,February,3.831274834135317
1238,March,2.9448329050014586
1239,April,2.296863940455794
1240,May,1.232565316813697
1241,June,0.6403711051418052
1242,July,0.8490018120564791
1243,August,0.4743718261956079
1244,September,0.4900188562855425
1245,October,0.2652927152823345
1246,November,2.8272623555519103
1247,December,2.742909360722271
1248,January,4.738495415937591
