,Month,Temp
412,May,75.28024631076389
413,June,76.55341525607639
414,July,77.430859375
415,August,78.32186414930555
416,September,78.4561306423611
417,October,77.95668402777778
418,November,75.42583550347223
419,December,74.37706705729167
420,January,72.77302517361112
421,February,72.52779947916667
422,March,74.00386827256943
423,April,75.33769531249999
