Year,Month,Day,RF_in
2025,5,1,0.0084689468409005
2025,5,2,0.0283101154993768
2025,5,3,0.0
2025,5,4,0.0092620308201966
2025,5,5,0.0224829586900867
2025,5,6,0.04775969085441197
