,Month,RF
1246,November,2.8272623555519103
1247,December,2.742909360722271
1248,January,4.738495415937591
1249,February,1.6732627592015408
1250,March,0.0614014925270232
1251,April,3.251604250966025
1252,May,2.178506644460241
1253,June,0.0723491916042775
1254,July,0.763255931712963
1255,August,3.5545844990947315
1256,September,0.8280099190346433
1257,October,2.792212618930446
