Year,Month,Day,RF_in
2025,6,1,0.3022611404260231
2025,6,2,0.0101289816821433
2025,6,11,0.0009578110073842
2025,6,12,0.0120019018099608
2025,6,14,0.0277936591853596
2025,6,16,0.0143737566764284
2025,6,19,0.0047842939659957
2025,6,20,0.0724847066201957
