,Year,Month,Temp
391,2022.0,August,74.35725368923612
392,2022.0,September,74.93526746961805
393,2022.0,October,73.38190375434027
394,2022.0,November,71.68328993055556
395,2022.0,December,69.94337022569445
396,2023.0,January,68.38599717881945
397,2023.0,February,67.39725748697917
398,2023.0,March,-448.9788628472222
399,2023.0,April,68.5930419921875
400,2023.0,May,74.964013671875
401,2023.0,June,79.87016059027778
402,2023.0,July,73.6381076388889
