,Month,RF
1252,May,1.976969116246537
1253,June,0.0241171135155651
1254,July,0.3373961079233043
1255,August,0.0803892992786709
1256,September,1.0813570212631842
1257,October,1.5549881724582606
1258,November,0.775150696969628
1259,December,0.7176189361420968
1260,January,3.216987165612545
1261,February,3.902844799564985
1262,March,0.9852762223217106
1263,April,2.7651058184784194
