,Month,Temp
414,July,73.7349853515625
415,August,74.97782660590278
416,September,74.56594509548611
417,October,73.94446614583333
418,November,71.72396375868055
419,December,70.74364149305555
420,January,67.94083116319445
421,February,68.59145779079861
422,March,70.04618055555557
423,April,70.73083767361112
424,May,71.8568874782986
425,June,73.33037109375
