Year,Month,Day,RF_in
2025,3,1,0.0292235513788925
2025,3,2,0.0298114790331926
2025,3,3,7.280298580497118e-05
2025,3,4,5.379636784017961e-05
2025,3,5,0.0191770824107157
2025,3,6,0.0491796281973474
2025,3,7,0.023101025308153
2025,3,8,0.0102769768804737
2025,3,9,0.1011366318993518
2025,3,10,0.0825104074226914
2025,3,11,0.013501909971121301
