,Month,RF
1244,September,0.7041666381871536
1245,October,5.247763219050744
1246,November,4.911676486402742
1247,December,1.9018839482629768
1248,January,8.831027062372412
1249,February,0.5636552477110066
1250,March,0.3906473682841511
1251,April,6.077278873669437
1252,May,1.976969116246537
1253,June,0.0241171135155651
1254,July,0.3373961079233043
1255,August,0.0803892992786709
