Year,Month,Temp
2023.0,September,74.97403157552083
2023.0,October,72.93869086371528
2023.0,November,71.65643988715277
2023.0,December,68.58287489149306
2024.0,January,68.03948025173611
2024.0,February,66.88751627604167
2024.0,March,67.82897677951388
2024.0,April,69.32733561197917
2024.0,May,70.54920518663195
2024.0,June,72.91494140625
2024.0,July,73.7349853515625
2024.0,August,74.97782660590278
