,Month,NDVI
292,August,0.4670494927300347
293,September,0.5295246265552662
294,October,0.5223069838535639
295,November,0.4835936463909385
296,December,0.6317181528350453
297,January,0.5517990206494744
298,February,0.5748547212577161
299,March,0.5274485364372348
300,April,0.5205530708218798
301,May,0.4953159756130642
302,June,0.5088502860363618
303,July,0.3917351710943528
