,Month,RF
1239,April,3.896215718260912
1240,May,2.517659434009551
1241,June,1.188260331797718
1242,July,0.3734384742366731
1243,August,0.4109991842518166
1244,September,0.7041666381871536
1245,October,5.247763219050744
1246,November,4.911676486402742
1247,December,1.9018839482629768
1248,January,8.831027062372412
1249,February,0.5636552477110066
1250,March,0.3906473682841511
