Month,Temp
October,72.93869086371528
November,71.65643988715277
December,68.58287489149306
January,68.03948025173611
February,66.88751627604167
March,67.82897677951388
April,69.32733561197917
May,70.54920518663195
June,72.91494140625
July,73.7349853515625
August,74.97782660590278
September,74.56594509548611
