Month,RF
October,0.7073043685294547
November,12.922227766234082
December,10.496313421976769
January,2.0000264859470693
February,4.132041749447118
March,0.8878371879404832
April,0.8878371879404832
May,0.8878371879404832
June,0.8878371879404832
July,0.8878371879404832
August,0.8878371879404832
September,0.8878371879404832
