Year,Month,Day,RF_in
2025,6,1,0.0188370229343382
2025,6,2,0.0125783273380398
2025,6,11,0.0082194498054161
2025,6,12,0.0470497388701588
2025,6,14,0.188315780816162
2025,6,16,0.0101355833296665
2025,6,19,0.0375772451907121
2025,6,20,0.001201248266287398
