Year,Month,Day,RF_in
2025,7,1,0.0535192051121105
2025,7,2,0.2237241664711073
2025,7,3,0.0565581916430096
2025,7,4,0.0249475861263191
2025,7,9,0.0046156923752594
2025,7,10,0.0099030562643987
2025,7,11,0.0404955720349884
2025,7,12,0.0889836078924515
2025,7,13,0.007589197812396
2025,7,16,0.1187981202904378
2025,7,17,0.1201537006089299
2025,7,18,0.0399381523173115
2025,7,19,0.054998485898559
2025,7,20,0.013024091975524614
