,Month,RF
1246,November,12.922227766234082
1247,December,10.496313421976769
1248,January,2.0000264859470693
1249,February,4.132041749447118
1250,March,0.8878371879404832
1251,April,0.8878371879404832
1252,May,0.8878371879404832
1253,June,0.8878371879404832
1254,July,0.8878371879404832
1255,August,0.8878371879404832
1256,September,0.8878371879404832
1257,October,5.327077238717556
