Year,Month,Day,RF_in
2025,3,1,0.0
2025,3,2,0.0060712365259567
2025,3,3,0.0375619374524866
2025,3,4,0.1538592635501725
2025,3,5,0.0015333552419403
2025,3,6,0.0139726284839581
2025,3,7,0.2380462317190006
2025,3,8,0.1888737122750878
2025,3,9,0.0605872788257289
2025,3,10,2.5498472169060467
2025,3,11,0.6983556308933606
