Year,Month,Day,RF_in
2024,11,1,0.8665461413677458
2024,11,2,0.1794814952228464
2024,11,3,0.0775957779667868
2024,11,4,3.369582532109701
2024,11,5,0.05523099813074717
