,Month,Temp
406,November,73.12537977430556
407,December,70.57420247395834
408,January,70.2194797092014
409,February,68.9532009548611
410,March,70.17846950954862
411,April,71.15872938368057
412,May,72.5919162326389
413,June,73.3160888671875
414,July,74.33228352864583
415,August,74.98049587673611
416,September,72.5919162326389
417,October,74.37765299479167
