Year,Month,Day,RF_in
2024,9,1,0.0972304961140653
2024,9,2,0.0046193811767613
2024,9,3,0.008849087152697
2024,9,4,0.0744601984210388
2024,9,5,0.0171214511886541
2024,9,6,0.0792297232750148
2024,9,7,0.0694573418072225
2024,9,8,0.0198026823791225
2024,9,9,0.0029561882801487
2024,9,10,0.1110568695053526
2024,9,11,0.1366443769385055
2024,9,12,0.030443271812364
2024,9,13,0.1056505902070536
2024,9,14,
2024,9,15,
2024,9,16,2.7776550785426997
