Year,Month,Day,RF_in
2026,3,1,0.0169859454434108
2026,3,2,0.0777637848437348
2026,3,3,0.04439552613432
2026,3,4,0.0265277763538021
2026,3,5,0.0023861660071523
2026,3,6,0.0092235612280574
2026,3,7,0.01917446993455788
