,Month,NDVI
276,February,0.5856932098765432
277,March,0.4473407407407407
278,April,0.4956061728395062
279,May,0.6057586419753087
280,June,0.5506888888888889
281,July,0.4922283950617285
282,August,0.3829530864197531
283,September,0.3952172839506173
284,October,0.4147283950617284
285,November,0.4425666666666666
286,December,0.6400487654320988
287,January,0.6506123456790124
