Year,Month,Day,RF_in
2025,7,1,0.0193247327399436
2025,7,2,0.1898599934088914
2025,7,3,0.0399616627485976
2025,7,4,0.0352217298885748
2025,7,9,0.0292443399400582
2025,7,10,0.0173562699647319
2025,7,11,0.0112229611721355
2025,7,12,0.1266551432623927
2025,7,13,3.400682690332012e-06
2025,7,16,0.0119506349783313
2025,7,17,0.0390414184855107
2025,7,18,0.0383957753181921
2025,7,19,0.0307025837112564
2025,7,20,0.006800880350546969
