Year,Month,Day,RF_in
2025,3,1,0.0043395491027387
2025,3,2,0.0187255319450899
2025,3,3,0.0001259109299929
2025,3,4,0.0
2025,3,5,6.637077434910993e-05
2025,3,6,0.0495144515965994
2025,3,7,0.0029350360767642
2025,3,8,6.307564336124635e-05
2025,3,9,0.0
2025,3,10,0.063961366876124
2025,3,11,0.006292521970965278
