,Year,Month,Temp
391,2022.0,August,67.75879720052083
392,2022.0,September,68.096875
393,2022.0,October,68.06843804253472
394,2022.0,November,65.71692165798612
395,2022.0,December,64.38946397569444
396,2023.0,January,63.709925672743054
397,2023.0,February,62.30948621961805
398,2023.0,March,64.1224582248264
399,2023.0,April,63.911539713541664
400,2023.0,May,71.59010416666666
401,2023.0,June,72.99947102864584
402,2023.0,July,68.07312825520833
