,Month,tmean_f
421,February,62.83849283854167
422,March,63.12035861545139
423,April,64.26666937934027
424,May,64.55399848090278
425,June,66.18207465277777
426,July,67.46100260416667
427,August,68.01684841579862
428,September,67.33755425347222
429,October,66.55211588541667
430,November,65.2479248046875
431,December,63.86585286458334
432,January,62.937060546875
