,Month,RF
1254,July,0.4993512366943715
1255,August,3.21171204782128
1256,September,0.7505333619457507
1257,October,1.4558979789798412
1258,November,1.646404679829518
1259,December,0.1259637882517832
1260,January,4.620687537213231
1261,February,0.72015628275144
1262,March,1.5309476662368162
1263,April,5.125731353893263
1264,May,1.6494398839250997
1265,June,0.8658050807071426
