,Month,NDVI
292,August,0.3397226215880594
293,September,0.3972329975646219
294,October,0.3764284392933786
295,November,0.3640547387393904
296,December,0.3870733049180772
297,January,0.3757267469241295
298,February,0.609188692069348
299,March,0.4939712712794174
300,April,0.4257147047254774
301,May,0.3918480107813705
302,June,0.3614017345287181
303,July,0.348192591726044
