Year,Month,Temp
2023.0,September,79.71298285590278
2023.0,October,77.1133056640625
2023.0,November,76.33021918402778
2023.0,December,73.36130099826389
2024.0,January,72.56609700520833
2024.0,February,71.05956217447917
2024.0,March,72.75901692708334
2024.0,April,74.06006944444445
2024.0,May,75.70663519965278
2024.0,June,76.95823296440972
2024.0,July,77.84734157986111
2024.0,August,78.71951497395833
