Year,Month,Day,RF_in
2024,7,1,2.290561990878511e-07
2024,7,2,0.0006233625489860974
