,Month,Temp
399,April,74.851708984375
400,May,82.56460503472222
401,June,84.46609157986111
402,July,78.04801432291667
403,August,79.81744791666667
404,September,79.71298285590278
405,October,77.1133056640625
406,November,76.33021918402778
407,December,73.36130099826389
408,January,72.56609700520833
409,February,71.05956217447917
410,March,72.75901692708334
