,Month,RF
1237,February,2.240235039521969
1238,March,1.6345583890772335
1239,April,1.0947305258988895
1240,May,0.1939715895973073
1241,June,0.0112648507162075
1242,July,0.1174066439191303
1243,August,0.0843754076130294
1244,September,0.0482823492498686
1245,October,0.1523263537641562
1246,November,1.4064640710058811
1247,December,1.275352106458698
1248,January,6.210786558581219
