Year,Month,Day,RF_in
2024,11,1,0.0039501353349423
2024,11,2,0.0014634048717413
2024,11,3,0.0
2024,11,4,0.0
2024,11,5,0.0
2024,11,7,0.0542655463490783
2024,11,8,0.0568302117829143
2024,11,9,0.0124847454383652
2024,11,10,3.239258168804987e-08
2024,11,11,0.0
2024,11,12,0.0
2024,11,13,0.0
2024,11,14,0.0
2024,11,15,0.0
2024,11,16,0.0
2024,11,17,0.0016281455740748
2024,11,18,0.0
2024,11,19,0.0
2024,11,20,0.0014598634739687879
