Year,Month,Day,RF_in
2025,5,1,0.0039638086532009
2025,5,2,0.000666570209189
2025,5,3,0.0
2025,5,4,0.002380344950447
2025,5,5,0.0020856139749575
2025,5,6,0.0020762992644548
2025,5,15,0.0007727667160605
2025,5,16,0.0177868316226164
2025,5,17,0.003427483428958
2025,5,18,0.0
2025,5,19,0.0007012627545906
2025,5,20,0.0
2025,5,21,0.0008523764340977
2025,5,22,0.0
2025,5,25,0.0007079175346688
2025,5,26,0.0
2025,5,27,0.0
2025,5,28,0.0
2025,5,31,0.00915109977970622
