,Year,Month,Temp
391,2022.0,August,79.29882269965277
392,2022.0,September,79.61547309027779
393,2022.0,October,78.66409505208333
394,2022.0,November,76.56140950520833
395,2022.0,December,74.15453559027777
396,2023.0,January,72.47523328993056
397,2023.0,February,70.98448893229167
398,2023.0,March,73.62254774305555
399,2023.0,April,74.851708984375
400,2023.0,May,82.56460503472222
401,2023.0,June,84.46609157986111
402,2023.0,July,78.04801432291667
