Year,Month,Day,RF_in
2025,3,1,0.0
2025,3,2,0.0001308291678272
2025,3,3,0.0
2025,3,4,0.0069739230580449
2025,3,5,0.0
2025,3,6,7.147306065397673e-07
2025,3,7,0.0068722668641554
2025,3,8,0.0195633524926883
2025,3,9,0.0712138973520508
2025,3,10,0.0186577540416463
2025,3,11,0.014000381176031584
