Month,RF
October,0.3270453179300938
November,1.1501339771222174
December,1.070421718932269
January,2.930624713306236
February,0.3273012478868201
March,0.1415304823821935
April,1.1402741324001169
May,1.8779559361177944
June,0.7670759243880323
July,1.1426279641477108
August,2.989707124283076
September,0.746951766527231
