Year,Month,Day,RF_in
2024,7,1,0.0
2024,7,2,0.0
2024,7,3,0.0154684425918402
2024,7,4,0.0025929625462869
2024,7,5,0.0022869690915197
2024,7,6,3.618688402364098e-06
2024,7,7,0.0
2024,7,8,0.006624411665177663
