,Month,Temp
413,June,72.923193359375
414,July,73.91196831597222
415,August,74.591162109375
416,September,74.56850314670139
417,October,73.93339301215278
418,November,71.898828125
419,December,71.33783094618056
420,January,70.0927734375
421,February,69.95509711371528
422,March,70.78415256076389
423,April,72.00779079861111
424,May,72.23755696614583
