Year,Month,Temp
2023.0,September,74.94555121527777
2023.0,October,74.56593424479166
2023.0,November,72.70061577690973
2023.0,December,70.17213812934028
2024.0,January,69.85028211805556
2024.0,February,68.47957085503472
2024.0,March,69.72483452690972
2024.0,April,70.74419216579861
2024.0,May,72.18394097222222
2024.0,June,72.923193359375
2024.0,July,73.91196831597222
2024.0,August,74.591162109375
