Year,Month,Day,RF_in
2026,2,1,0.0008239707388682
2026,2,2,6.059992504737531e-06
2026,2,3,0.3352014944529503
2026,2,4,0.0
2026,2,5,0.0012411050990265
2026,2,6,0.0028546704510807
2026,2,7,0.6640775704089507
2026,2,8,0.6118946774448334
2026,2,9,0.2579582023750395
