,Month,RF
1238,March,3.905152352103991
1239,April,2.9183134945045937
1240,May,2.0369212203509286
1241,June,1.4482317687448358
1242,July,1.671262785402693
1243,August,0.257645728718589
1244,September,0.3050455468104464
1245,October,0.3270453179300938
1246,November,1.1501339771222174
1247,December,1.070421718932269
1248,January,2.930624713306236
1249,February,0.3273012478868201
