Year,Month,Day,RF_in
2024,11,1,0.0150221829003213
2024,11,2,0.0226871156363395
2024,11,3,8.586198424671834e-05
2024,11,4,0.2161346729241852
2024,11,5,0.030927262223240843
