,Month,Temp
398,March,71.13533528645834
399,April,71.22064615885417
400,May,78.69684244791667
401,June,79.88848741319444
402,July,74.31790364583333
403,August,75.3045627170139
404,September,74.94555121527777
405,October,74.56593424479166
406,November,72.70061577690973
407,December,70.17213812934028
408,January,69.85028211805556
409,February,68.47957085503472
