Year,Month,Day,RF_in
2025,7,1,0.0665666489903822
2025,7,2,0.1134553562393107
2025,7,3,0.0244997939922562
2025,7,4,0.0368774649908466
2025,7,9,0.0260974909620265
2025,7,10,0.025093315571729
2025,7,11,0.020536178169091
2025,7,12,0.028820851807044
2025,7,13,0.0005738964879942
2025,7,16,0.010816147274812
2025,7,17,0.110800813467449
2025,7,18,0.0395295565962919
2025,7,19,0.0305230774892898
2025,7,20,0.007711543371230784
