,Month,NDVI
293,September,0.5443012567214024
294,October,0.6064453125
295,November,0.685607863061222
296,December,0.6700518101821711
297,January,0.6214825665509259
298,February,0.6051160082404996
299,March,0.4841181908124758
300,April,0.3836296929253472
301,May,0.479061644754292
302,June,0.3885828889446494
303,July,0.6342879401312934
304,August,0.612878022370515
