,Month,Temp
414,July,60.410785590277776
415,August,61.599560546875
416,September,60.10430230034722
417,October,59.10903862847222
418,November,57.70139702690972
419,December,57.793462456597226
420,January,55.09206271701389
421,February,55.78129340277778
422,March,54.93498263888889
423,April,56.18220486111112
424,May,56.70177680121528
425,June,58.947998046875
