,Month,NDVI
292,August,0.5276657858012636
293,September,0.5679381570698302
294,October,0.6341981299129533
295,November,0.6518131303198543
296,December,0.6999444372860002
297,January,0.6498845418294271
298,February,0.6159160755298756
299,March,0.5907564045470438
300,April,0.4249695671929253
301,May,0.3629651952672887
302,June,0.4387312524112654
303,July,0.2064187791612413
