,Month,RF
1246,November,2.0028730132691748
1247,December,0.7810558646532031
1248,January,2.372285048027851
1249,February,0.744081150283732
1250,March,0.7176050523795202
1251,April,1.4446153452552373
1252,May,4.401909342495383
1253,June,1.5917742100542556
1254,July,1.95318540030044
1255,August,7.209831735442792
1256,September,2.5518272550458105
1257,October,2.017845642558569
