,Month,ET
264,January,3.4971014492753625
265,February,3.220652173913044
266,March,4.0
267,April,4.436594202898552
268,May,4.341983695652174
269,June,4.918070652173912
270,July,4.906385869565217
271,August,4.796467391304348
272,September,4.423731884057971
273,October,4.158876811594204
274,November,3.178260869565218
275,December,2.59429347826087
