,Month,NDVI
292,August,0.4965796294035735
293,September,0.7514805734893422
294,October,0.5022138901698736
295,November,0.7026664828076775
296,December,0.7741247577431761
297,January,0.7618976640112606
298,February,0.5905916661392023
299,March,0.7375275411723573
300,April,0.702745837929808
301,May,0.6793926380298756
302,June,0.6770995340229552
303,July,0.718613565703969
