Year,Month,Day,RF_in
2026,3,1,0.3541405485799735
2026,3,2,0.0776307469521225
2026,3,3,0.196863906636372
2026,3,4,0.2822548165501665
2026,3,5,0.0328684766310881
2026,3,6,0.2823883142672487
2026,3,7,0.3250675640846001
2026,3,8,0.6260789582156181
