,Month,RF
1250,March,5.348819448241713
1251,April,9.792938751579666
1252,May,11.874693370576942
1253,June,6.217558037450179
1254,July,7.257145225010936
1255,August,19.752972501701176
1256,September,9.265014019514922
1257,October,9.992751963947216
1258,November,14.293153676970936
1259,December,4.033453270055653
1260,January,5.318261405475358
1261,February,1.9218156914142244
