,Month,RF
1239,April,4.749458129799748
1240,May,7.351371592331341
1241,June,4.922860391149023
1242,July,4.272400655864198
1243,August,5.254491978650239
1244,September,4.634773504331924
1245,October,1.3958711161538837
1246,November,13.260665957336933
1247,December,7.720981559705211
1248,January,2.099415714311753
1249,February,4.743221116457666
1250,March,5.348819448241713
