,Month,NDVI
275,January,0.7669234567901234
276,February,0.7216358024691357
277,March,0.7133049382716049
278,April,0.6906981481481482
279,May,0.7476950617283952
280,June,0.735491975308642
281,July,0.7257339506172841
282,August,0.7423049382716048
283,September,0.7628123456790122
284,October,0.7523888888888891
285,November,0.7562833333333334
286,December,0.7737425925925927
