,Month,tmean_f
421,February,72.21611328125
422,March,73.35154079861111
423,April,74.51873914930556
424,May,74.69133572048611
425,June,75.51740451388889
426,July,76.48379720052083
427,August,76.90953504774305
428,September,77.12118598090278
429,October,76.45139702690972
430,November,74.96029459635417
431,December,73.53726128472222
432,January,72.418994140625
