,Year,Month,Temp
391,2022.0,August,77.40250922309028
392,2022.0,September,77.94020182291666
393,2022.0,October,77.55798611111112
394,2022.0,November,75.67095811631944
395,2022.0,December,73.69518500434029
396,2023.0,January,72.23880750868055
397,2023.0,February,71.99248860677083
398,2023.0,March,73.37852647569444
399,2023.0,April,73.55858561197917
400,2023.0,May,80.97005208333334
401,2023.0,June,82.09205729166666
402,2023.0,July,76.31540256076389
