Year,Month,Day,RF_in
2024,7,1,0.2538924849020608
2024,7,2,0.15185739111712598
