,Month,tmean_f
421,February,70.8778564453125
422,March,72.18781467013889
423,April,73.27303331163195
424,May,74.12481011284723
425,June,75.57237141927084
426,July,76.41519911024305
427,August,77.09383951822917
428,September,77.1370361328125
429,October,76.23218858506945
430,November,73.97963053385416
431,December,72.84755588107639
432,January,71.12286783854167
