,Month,ET
269,June,2.22375
270,July,2.75325
271,August,1.87575
272,September,1.5530000000000002
273,October,2.061
274,November,2.002625
275,December,1.6355000000000002
276,January,2.668
277,February,1.697
278,March,2.4108750000000003
279,April,2.624000000000001
280,May,3.3695000000000004
