,Month,RF
1252,May,0.4953227502513792
1253,June,0.1351169702250489
1254,July,0.2707657953549535
1255,August,0.7834514070208455
1256,September,0.3618937993265165
1257,October,0.6456045716453412
1258,November,0.6225117805505431
1259,December,0.1854222029653248
1260,January,3.260061954332531
1261,February,0.4918748008807385
1262,March,0.2745139069259137
1263,April,2.16897716208868
