,Month,RF
1238,March,0.7624144214367953
1239,April,1.0234637486177944
1240,May,0.3296930226522249
1241,June,1.1283946155493585
1242,July,0.2885878592500698
1243,August,0.1364261971695541
1244,September,0.3469105198859148
1245,October,0.2598638674533088
1246,November,1.2874358451504326
1247,December,0.0
1248,January,3.892250658066613
1249,February,0.0822563167678448
