Year,Month,Day,RF_in
2024,11,1,0.0254536277642689
2024,11,2,0.0017875367493998
2024,11,3,0.0072829572941455
2024,11,4,0.017412997223817
2024,11,5,0.04681073716561254
