,Month,RF
1246,November,1.2874358451504326
1247,December,0.0
1248,January,3.892250658066613
1249,February,0.0822563167678448
1250,March,0.0561884919651699
1251,April,0.7884764984210958
1252,May,0.4953227502513792
1253,June,0.1351169702250489
1254,July,0.2707657953549535
1255,August,0.7834514070208455
1256,September,0.3618937993265165
1257,October,0.6456045716453412
