Year,Month,Day,RF_in
2024,9,1,0.0024060944814636
2024,9,2,0.0003003867244748
2024,9,3,0.0020142316331526
2024,9,4,0.0037810222347241
2024,9,5,0.0037895188081759
2024,9,6,0.0013684711917978
2024,9,7,0.0131642515995162
2024,9,8,0.0008704437625017
2024,9,9,0.0
2024,9,10,0.0
2024,9,11,0.0021018946705029
2024,9,12,0.0
2024,9,13,0.006366746701663
2024,9,14,0.0016323590957702
2024,9,15,0.006731823557515
2024,9,16,0.009670641374295987
