Month,RF
October,0.2598638674533088
November,1.2874358451504326
December,0.0
January,3.892250658066613
February,0.0822563167678448
March,0.0561884919651699
April,0.7884764984210958
May,0.4953227502513792
June,0.1351169702250489
July,0.2707657953549535
August,0.7834514070208455
September,0.3618937993265165
