,Month,NDVI
292,August,0.1963422681078498
293,September,0.2514761701042269
294,October,0.2194456406581549
295,November,0.1760566264023015
296,December,0.1845301875361689
297,January,0.181407610575358
298,February,0.2580858630898558
299,March,0.3468876826910325
300,April,0.2528736915117429
301,May,0.2045743259382836
302,June,0.1920790731171031
303,July,0.1641575613139588
