Year,Month,Day,RF_in
2024,7,1,3.974064873156469e-05
2024,7,2,0.0050412928315262135
