,Year,Month,Temp
391,2022.0,August,76.89502224392362
392,2022.0,September,77.13417697482639
393,2022.0,October,76.3761962890625
394,2022.0,November,74.19838595920139
395,2022.0,December,72.12439236111112
396,2023.0,January,70.58990342881944
397,2023.0,February,69.58241644965278
398,2023.0,March,71.48859863281251
399,2023.0,April,72.51678059895833
400,2023.0,May,80.091650390625
401,2023.0,June,82.02940538194444
402,2023.0,July,75.97183159722222
