,Month,RF
1259,December,0.4570150516933974
1260,January,4.410259364512069
1261,February,0.6142075630838955
1262,March,0.9259623306804248
1263,April,1.1038372275659127
1264,May,0.4607066268595908
1265,June,0.5122077088056264
1266,July,0.4078320766304699
1267,August,0.1936714366372668
1268,September,0.4365146607910724
1269,October,0.6106936493057796
1270,November,1.1907697416389005
