,Year,Month,Temp
391,2022.0,August,79.34236800397028
392,2022.0,September,79.66042760630123
393,2022.0,October,78.70554639472337
394,2022.0,November,76.60421842981557
395,2022.0,December,74.1913109951332
396,2023.0,January,72.50938700691599
397,2023.0,February,71.0098864946209
398,2023.0,March,73.66120805584016
399,2023.0,April,74.89401095030738
400,2023.0,May,82.60940301613729
401,2023.0,June,84.51023949795082
402,2023.0,July,78.08562932248975
