,Month,RF
1246,November,1.5437317091495095
1247,December,1.75987762652075
1248,January,3.507716822842714
1249,February,0.3426410620391361
1250,March,0.0827859327287478
1251,April,1.511120011425794
1252,May,1.1504246918666097
1253,June,0.0156594085988805
1254,July,0.3635338443132221
1255,August,1.4990243829264556
1256,September,0.3896169390419275
1257,October,1.1653846473836649
