Year,Month,Day,RF_in
2024,9,1,7.05200386798288e-05
2024,9,2,0.000300220621006
2024,9,3,7.048933040069367e-05
2024,9,4,0.0251630913815806
2024,9,5,0.0028212159406574
2024,9,6,0.0
2024,9,7,0.0104936058327076
2024,9,8,0.0003417263850252
2024,9,9,0.0
2024,9,10,0.0
2024,9,11,0.0004830799888176
2024,9,12,0.0
2024,9,13,1.924035379936484e-05
2024,9,14,0.0008811620769153
2024,9,15,0.0019355557019347
2024,9,16,0.044229757836576865
