,Month,RF
1236,January,4.393043148759197
1237,February,4.393043148759197
1238,March,4.166935587969537
1239,April,2.100866477043533
1240,May,1.8811405448278369
1241,June,3.1272857260270106
1242,July,0.3909660625937863
1243,August,0.8266341727795841
1244,September,0.8443124657125339
1245,October,0.5764781143860124
1246,November,1.5437317091495095
1247,December,1.75987762652075
