Year,Month,Temp
2023.0,September,79.76224025038422
2023.0,October,77.14958336001537
2023.0,November,76.37004034323772
2023.0,December,73.39714715676229
2024.0,January,72.60011606685451
2024.0,February,71.10131435706967
2024.0,March,72.79930359887295
2024.0,April,74.1007836513832
2024.0,May,75.74524606173156
2024.0,June,76.99489225794058
2024.0,July,77.88506219582479
2024.0,August,78.75552518250512
