Month,RF
October,0.5764781143860124
November,1.5437317091495095
December,1.75987762652075
January,3.507716822842714
February,0.3426410620391361
March,0.0827859327287478
April,1.511120011425794
May,1.1504246918666097
June,0.0156594085988805
July,0.3635338443132221
August,1.4990243829264556
September,0.3896169390419275
