,Month,ET
268,May,2.999609375
269,June,2.96875
270,July,2.9250000000000003
271,August,2.251953125
272,September,2.1000000000000005
273,October,1.9921875
274,November,1.8292968750000005
275,December,1.6210937500000002
276,January,2.321875
277,February,2.461328125
278,March,2.76015625
279,April,2.786979166666667
