Year,Month,Day,RF_in
2025,7,1,0.000189997787643
2025,7,2,0.0584585540168775
2025,7,3,3.235958246349504e-05
2025,7,4,0.0268851364291343
2025,7,9,0.1695823447849268
2025,7,10,0.2541103833288289
2025,7,11,0.1795883050684438
2025,7,12,0.0188405962779442
2025,7,13,0.0086500482496421
2025,7,16,0.0005721977422725805
