Year,Month,Day,RF_in
2025,6,1,0.0042283699653126
2025,6,2,0.0006323730051555
2025,6,11,0.0295501975870384
2025,6,12,0.1791406259454264
2025,6,14,0.0004151651624465
2025,6,16,0.0843833095106876
2025,6,19,0.0192108599927574
2025,6,20,0.0089309439284271
2025,6,23,0.0002352296498201
2025,6,24,0.042044975780065
2025,6,26,4.574990209431992e-05
2025,6,30,0.008262989673981348
