Year,Month,Day,RF_in
2026,3,1,0.0011812918906644
2026,3,2,0.009864644264427
2026,3,3,0.1052810158808954
2026,3,4,0.0223456023661755
2026,3,5,0.0033868548638346
2026,3,6,0.0096971825259538
2026,3,7,0.0439152016522146
2026,3,8,0.0192752117739503
