,Month,ET
269,June,2.979375
270,July,3.0503125000000004
271,August,2.29546875
272,September,2.0693750000000004
273,October,1.8752083333333336
274,November,1.913125
275,December,1.83703125
276,January,2.44796875
277,February,2.405
278,March,2.76609375
279,April,3.0331250000000005
280,May,3.4475
