,Month,RF
1239,April,2.74038061729914
1240,May,0.9915533443112364
1241,June,0.0013530429348
1242,July,0.2199606581634435
1243,August,0.0
1244,September,0.4662092714484908
1245,October,0.5906424342085278
1246,November,4.072002189504958
1247,December,3.746583882418344
1248,January,9.925645687518228
1249,February,0.6790863924127539
1250,March,0.1208492237149284
