,Month,Temp
406,November,72.29733072916667
407,December,69.7309326171875
408,January,69.1205810546875
409,February,66.83119032118056
410,March,68.67870008680555
411,April,69.93646104600694
412,May,71.79601236979167
413,June,73.24546983506946
414,July,74.02757975260417
415,August,75.07246093750001
416,September,74.60830891927083
417,October,74.06808268229167
