,Month,NDVI
275,January,0.6521222222222223
276,February,0.6891154320987654
277,March,0.6980543209876543
278,April,0.6498876543209877
279,May,0.6375407407407407
280,June,0.5266685185185186
281,July,0.4862209876543209
282,August,0.429966049382716
283,September,0.4256691358024691
284,October,0.4511271604938272
285,November,0.4287259259259259
286,December,0.6914135802469136
