Year,Month,Day,RF_in
2026,2,1,0.0172436739110478
2026,2,2,0.141542675173687
2026,2,3,0.0640406793531505
2026,2,4,0.0
2026,2,5,4.5275589721286237e-10
2026,2,6,0.1487491489372205
2026,2,7,1.8490784219463887
2026,2,8,0.4765762294985479
2026,2,9,0.6385351852041715
