Year,Month,Day,RF_in
2025,6,1,0.0141714223448407
2025,6,2,0.0038369028494334
2025,6,11,0.0002716776464126
2025,6,12,0.0056819771148957
2025,6,14,0.0065384270834994
2025,6,16,0.0196481902918941
2025,6,19,0.0061860153600218
2025,6,20,0.0026588791299981
2025,6,23,6.804730345906883e-05
2025,6,24,0.0048506043216189
2025,6,26,0.0
2025,6,30,0.011172321965189871
