Year,Month,Temp
2023.0,September,74.72426215277778
2023.0,October,73.4396213107639
2023.0,November,72.29733072916667
2023.0,December,69.7309326171875
2024.0,January,69.1205810546875
2024.0,February,66.83119032118056
2024.0,March,68.67870008680555
2024.0,April,69.93646104600694
2024.0,May,71.79601236979167
2024.0,June,73.24546983506946
2024.0,July,74.02757975260417
2024.0,August,75.07246093750001
