Year,Month,Day,RF_in
2024,10,1,0.0008076783970376
2024,10,2,5.310348788142506e-07
