Year,Month,Day,RF_in
2025,5,1,0.0280729160140111
2025,5,2,0.0053005212943454
2025,5,3,0.0192346774049619
2025,5,4,0.0496120755104857
2025,5,5,0.0251833727608457
2025,5,6,0.019296861383232857
