,Month,RF
1246,November,4.072002189504958
1247,December,3.746583882418344
1248,January,9.925645687518228
1249,February,0.6790863924127539
1250,March,0.1208492237149284
1251,April,2.8431890485260527
1252,May,2.2832720928872607
1253,June,0.0507699679595985
1254,July,0.4813012773631161
1255,August,1.918042274609337
1256,September,0.0
1257,October,0.1050743176451088
