,Month,Temp
398,March,69.36532660590278
399,April,70.19353841145833
400,May,77.63107096354167
401,June,79.60490993923611
402,July,73.90604654947916
403,August,74.90086805555555
404,September,74.28853081597222
405,October,73.11875
406,November,71.94507921006945
407,December,69.4138427734375
408,January,68.81963975694444
409,February,66.46187065972222
