Year,Month,Day,RF_in
2025,7,1,0.0119264153404232
2025,7,2,0.0107083061502315
2025,7,3,0.00208346943611
2025,7,4,0.0042317812164891
2025,7,9,0.0132461339075966
2025,7,10,0.0139692975305034
2025,7,11,0.0151818943774606
2025,7,12,0.0189707746679098
2025,7,13,8.280166931167177e-05
2025,7,16,0.0007241867577541
2025,7,17,0.0067211163916578
2025,7,18,0.1727321028095229
2025,7,19,0.0100418169435634
2025,7,20,0.10820580326086628
