Year,Month,Day,RF_in
2024,7,1,0.0001861020028909
2024,7,2,0.0108280684355339
2024,7,3,0.0094362305079093
2024,7,4,0.0029527340267192
2024,7,5,0.0051458192263329
2024,7,6,0.0002390919198004
2024,7,7,0.0007089504037246
2024,7,8,0.03904728867679247
