,Month,NDVI
292,August,0.7214945098500193
293,September,0.7145676789460359
294,October,0.6862634258505739
295,November,0.7836182676715615
296,December,0.7991244469159915
297,January,0.6795257756739487
298,February,0.5343715526439525
299,March,0.7083317321023823
300,April,0.6323262909312307
301,May,0.7056404396339699
302,June,0.7800000979576582
303,July,0.682446986068914
