Month,RF
October,0.5241361261862667
November,4.355141235600758
December,1.1877903011689512
January,10.1308870950593
February,0.5872590680667955
March,1.0060797352316635
April,0.7867530132274048
May,2.295481260100734
June,0.0588342609704033
July,0.9385466814342436
August,2.509618243520342
September,1.3024485830872703
