Year,Month,Day,RF_in
2026,2,1,0.0045299428051874
2026,2,2,0.1217727164224643
2026,2,3,0.208452398463891
2026,2,4,0.0
2026,2,5,1.2558425911646538e-06
2026,2,6,0.1168268485007624
2026,2,7,0.0312772802584857
2026,2,8,0.1556634110311406
2026,2,9,0.12622878122019146
