,Month,RF
1252,May,2.295481260100734
1253,June,0.0806113208152583
1254,July,0.9385466814342436
1255,August,2.5096182435203414
1256,September,1.3024485830872703
1257,October,1.238455117426728
1258,November,0.5372102399417955
1259,December,0.4247436345440544
1260,January,7.730521721894139
1261,February,0.701793345439025
1262,March,1.4706872714044428
1263,April,1.186557850244848
