,Month,RF
1244,September,0.9796769127410508
1245,October,0.5241361261862667
1246,November,4.355141235600758
1247,December,1.1877903011689512
1248,January,10.1308870950593
1249,February,0.5872590680667955
1250,March,1.0060797352316635
1251,April,0.7867530132274048
1252,May,2.295481260100734
1253,June,0.0588342609704033
1254,July,0.9385466814342436
1255,August,2.509618243520342
