,Month,RF
1259,December,0.4247436345440544
1260,January,7.730521721894139
1261,February,0.701793345439025
1262,March,1.4706872714044428
1263,April,1.186557850244848
1264,May,0.6069308169974847
1265,June,0.4416230562257734
1266,July,0.3496380562428611
1267,August,0.631683073714093
1268,September,1.1072052645708783
1269,October,1.079581204964397
1270,November,3.3814091245321767
