,Month,RF
1251,April,1.4517847363195813
1252,May,4.568851500984252
1253,June,1.577521430121528
1254,July,1.898946419997061
1255,August,6.916034528276739
1256,September,2.5987984564673554
1257,October,2.000936139391268
1258,November,2.069564645788905
1259,December,0.0932363742084119
1260,January,4.189548709365431
1261,February,0.2861741834425238
1262,March,2.223782810534914
