,Month,NDVI
292,August,0.520881281958686
293,September,0.5711433622572157
294,October,0.627277692159017
295,November,0.7207505967881944
296,December,0.708367665608724
297,January,0.6638571951124403
298,February,0.6332019170125326
299,March,0.5134666760762533
300,April,0.3918043507470025
301,May,0.5008194711473253
302,June,0.4135328398810493
303,July,0.6782796647813585
