,Month,RF
1246,November,2.0216500456668993
1247,December,0.8502508982794388
1248,January,2.277478262299732
1249,February,0.7457837950004785
1250,March,0.7599486370203481
1251,April,1.4517847363195813
1252,May,4.568851500984252
1253,June,1.577521430121528
1254,July,1.898946419997061
1255,August,6.916034528276739
1256,September,2.5987984564673554
1257,October,2.0009361393912677
