Year,Month,Temp
2023.0,September,79.89856770833333
2023.0,October,77.85136718749999
2023.0,November,75.99171549479166
2023.0,December,72.98977322048611
2024.0,January,72.16826714409723
2024.0,February,71.497705078125
2024.0,March,72.28755967881945
2024.0,April,73.79868706597222
2024.0,May,75.12926703559029
2024.0,June,77.40991753472221
2024.0,July,78.3359375
2024.0,August,79.62186414930557
