Year,Month,Day,RF_in
2024,10,1,6.059746524040027e-05
2024,10,2,0.08816680211048382
