,Month,Temp
406,November,75.99171549479166
407,December,72.98977322048611
408,January,72.16826714409723
409,February,71.497705078125
410,March,72.28755967881945
411,April,73.79868706597222
412,May,75.12926703559029
413,June,77.40991753472221
414,July,78.3359375
415,August,79.62186414930557
416,September,79.3607638888889
417,October,78.75682508680555
