Year,Month,Day,RF_in
2024,7,1,7.69462471700574e-08
2024,7,2,0.0003343843169169233
