,Month,NDVI
275,January,0.7497427536231883
276,February,0.7274852459016393
277,March,0.6736876923076922
278,April,0.7217784722222222
279,May,0.6964081967213116
280,June,0.5889453846153847
281,July,0.5406784615384617
282,August,0.5123253731343284
283,September,0.5431673076923077
284,October,0.6240353846153848
285,November,0.7652484615384616
286,December,0.7415485507246378
