,Month,Temp
410,March,72.28755967881945
411,April,73.79868706597222
412,May,75.12926703559029
413,June,77.40991753472221
414,July,78.3359375
415,August,79.62186414930557
416,September,79.3607638888889
417,October,78.75682508680555
418,November,76.03929307725696
419,December,74.58628200954861
420,January,72.00862630208334
421,February,72.82785101996528
