Year,Month,Day,RF_in
2025,5,1,0.0068883264541069
2025,5,2,2.9364821680423943e-06
2025,5,3,0.0
2025,5,4,0.0141376585472287
2025,5,5,0.0029897750078722
2025,5,6,0.010589273467035629
