Year,Month,Day,RF_in
2025,7,1,0.0083967310654313
2025,7,2,0.455060142857509
2025,7,3,0.1007950483240376
2025,7,4,0.1072568217600424
2025,7,9,0.101618912797796
2025,7,10,0.2322340637367228
2025,7,11,0.0598061095176823
2025,7,12,0.5496016908714048
2025,7,13,0.0201632365362746
2025,7,16,0.1284907099873166
2025,7,17,0.3426440181381746
2025,7,18,0.1169412300864125
2025,7,19,0.8874352856466672
2025,7,20,0.3934361949263178
