Year,Month,Day,RF_in
2025,5,1,0.1910745982840096
2025,5,2,0.0619861856428865
2025,5,3,0.0867891186491398
2025,5,4,0.0255817837185329
2025,5,5,0.1708402658697814
2025,5,6,0.13191983247157887
