,Month,NDVI
292,August,0.5130742390950521
293,September,0.6411158243815104
294,October,0.6923242145114474
295,November,0.6746228535970052
296,December,0.5681220690409342
297,January,0.7432095209757487
298,February,0.6118856006198459
299,March,0.7014360427856445
300,April,0.6493633058336046
301,May,0.6165457831488715
302,June,0.5087433920966254
303,July,0.5256941583421495
